CREATE DATABASE  IF NOT EXISTS `qlsv` /*!40100 DEFAULT CHARACTER SET utf8 */;
USE `qlsv`;
-- MySQL dump 10.13  Distrib 5.7.17, for Win64 (x86_64)
--
-- Host: localhost    Database: qlsv
-- ------------------------------------------------------
-- Server version	5.7.21-log

/*!40101 SET @OLD_CHARACTER_SET_CLIENT=@@CHARACTER_SET_CLIENT */;
/*!40101 SET @OLD_CHARACTER_SET_RESULTS=@@CHARACTER_SET_RESULTS */;
/*!40101 SET @OLD_COLLATION_CONNECTION=@@COLLATION_CONNECTION */;
/*!40101 SET NAMES utf8 */;
/*!40103 SET @OLD_TIME_ZONE=@@TIME_ZONE */;
/*!40103 SET TIME_ZONE='+00:00' */;
/*!40014 SET @OLD_UNIQUE_CHECKS=@@UNIQUE_CHECKS, UNIQUE_CHECKS=0 */;
/*!40014 SET @OLD_FOREIGN_KEY_CHECKS=@@FOREIGN_KEY_CHECKS, FOREIGN_KEY_CHECKS=0 */;
/*!40101 SET @OLD_SQL_MODE=@@SQL_MODE, SQL_MODE='NO_AUTO_VALUE_ON_ZERO' */;
/*!40111 SET @OLD_SQL_NOTES=@@SQL_NOTES, SQL_NOTES=0 */;

--
-- Table structure for table `auth_group`
--

DROP TABLE IF EXISTS `auth_group`;
/*!40101 SET @saved_cs_client     = @@character_set_client */;
/*!40101 SET character_set_client = utf8 */;
CREATE TABLE `auth_group` (
  `id` int(11) NOT NULL AUTO_INCREMENT,
  `name` varchar(80) NOT NULL,
  PRIMARY KEY (`id`),
  UNIQUE KEY `name` (`name`)
) ENGINE=InnoDB AUTO_INCREMENT=2 DEFAULT CHARSET=utf8;
/*!40101 SET character_set_client = @saved_cs_client */;

--
-- Dumping data for table `auth_group`
--

LOCK TABLES `auth_group` WRITE;
/*!40000 ALTER TABLE `auth_group` DISABLE KEYS */;
INSERT INTO `auth_group` VALUES (1,'root');
/*!40000 ALTER TABLE `auth_group` ENABLE KEYS */;
UNLOCK TABLES;

--
-- Table structure for table `auth_group_permissions`
--

DROP TABLE IF EXISTS `auth_group_permissions`;
/*!40101 SET @saved_cs_client     = @@character_set_client */;
/*!40101 SET character_set_client = utf8 */;
CREATE TABLE `auth_group_permissions` (
  `id` int(11) NOT NULL AUTO_INCREMENT,
  `group_id` int(11) NOT NULL,
  `permission_id` int(11) NOT NULL,
  PRIMARY KEY (`id`),
  UNIQUE KEY `auth_group_permissions_group_id_permission_id_0cd325b0_uniq` (`group_id`,`permission_id`),
  KEY `auth_group_permissio_permission_id_84c5c92e_fk_auth_perm` (`permission_id`),
  CONSTRAINT `auth_group_permissio_permission_id_84c5c92e_fk_auth_perm` FOREIGN KEY (`permission_id`) REFERENCES `auth_permission` (`id`),
  CONSTRAINT `auth_group_permissions_group_id_b120cbf9_fk_auth_group_id` FOREIGN KEY (`group_id`) REFERENCES `auth_group` (`id`)
) ENGINE=InnoDB AUTO_INCREMENT=2 DEFAULT CHARSET=utf8;
/*!40101 SET character_set_client = @saved_cs_client */;

--
-- Dumping data for table `auth_group_permissions`
--

LOCK TABLES `auth_group_permissions` WRITE;
/*!40000 ALTER TABLE `auth_group_permissions` DISABLE KEYS */;
INSERT INTO `auth_group_permissions` VALUES (1,1,79);
/*!40000 ALTER TABLE `auth_group_permissions` ENABLE KEYS */;
UNLOCK TABLES;

--
-- Table structure for table `auth_permission`
--

DROP TABLE IF EXISTS `auth_permission`;
/*!40101 SET @saved_cs_client     = @@character_set_client */;
/*!40101 SET character_set_client = utf8 */;
CREATE TABLE `auth_permission` (
  `id` int(11) NOT NULL AUTO_INCREMENT,
  `name` varchar(255) NOT NULL,
  `content_type_id` int(11) NOT NULL,
  `codename` varchar(100) NOT NULL,
  PRIMARY KEY (`id`),
  UNIQUE KEY `auth_permission_content_type_id_codename_01ab375a_uniq` (`content_type_id`,`codename`),
  CONSTRAINT `auth_permission_content_type_id_2f476e4b_fk_django_co` FOREIGN KEY (`content_type_id`) REFERENCES `django_content_type` (`id`)
) ENGINE=InnoDB AUTO_INCREMENT=88 DEFAULT CHARSET=utf8;
/*!40101 SET character_set_client = @saved_cs_client */;

--
-- Dumping data for table `auth_permission`
--

LOCK TABLES `auth_permission` WRITE;
/*!40000 ALTER TABLE `auth_permission` DISABLE KEYS */;
INSERT INTO `auth_permission` VALUES (1,'Can add log entry',1,'add_logentry'),(2,'Can change log entry',1,'change_logentry'),(3,'Can delete log entry',1,'delete_logentry'),(4,'Can add permission',2,'add_permission'),(5,'Can change permission',2,'change_permission'),(6,'Can delete permission',2,'delete_permission'),(7,'Can add group',3,'add_group'),(8,'Can change group',3,'change_group'),(9,'Can delete group',3,'delete_group'),(10,'Can add user',4,'add_user'),(11,'Can change user',4,'change_user'),(12,'Can delete user',4,'delete_user'),(13,'Can add content type',5,'add_contenttype'),(14,'Can change content type',5,'change_contenttype'),(15,'Can delete content type',5,'delete_contenttype'),(16,'Can add session',6,'add_session'),(17,'Can change session',6,'change_session'),(18,'Can delete session',6,'delete_session'),(19,'Can add auth group',12,'add_authgroup'),(20,'Can change auth group',12,'change_authgroup'),(21,'Can delete auth group',12,'delete_authgroup'),(22,'Can add auth group permissions',13,'add_authgrouppermissions'),(23,'Can change auth group permissions',13,'change_authgrouppermissions'),(24,'Can delete auth group permissions',13,'delete_authgrouppermissions'),(25,'Can add auth permission',14,'add_authpermission'),(26,'Can change auth permission',14,'change_authpermission'),(27,'Can delete auth permission',14,'delete_authpermission'),(28,'Can add auth user',15,'add_authuser'),(29,'Can change auth user',15,'change_authuser'),(30,'Can delete auth user',15,'delete_authuser'),(31,'Can add auth user groups',16,'add_authusergroups'),(32,'Can change auth user groups',16,'change_authusergroups'),(33,'Can delete auth user groups',16,'delete_authusergroups'),(34,'Can add auth user user permissions',17,'add_authuseruserpermissions'),(35,'Can change auth user user permissions',17,'change_authuseruserpermissions'),(36,'Can delete auth user user permissions',17,'delete_authuseruserpermissions'),(37,'Can add django admin log',18,'add_djangoadminlog'),(38,'Can change django admin log',18,'change_djangoadminlog'),(39,'Can delete django admin log',18,'delete_djangoadminlog'),(40,'Can add django content type',19,'add_djangocontenttype'),(41,'Can change django content type',19,'change_djangocontenttype'),(42,'Can delete django content type',19,'delete_djangocontenttype'),(43,'Can add django migrations',20,'add_djangomigrations'),(44,'Can change django migrations',20,'change_djangomigrations'),(45,'Can delete django migrations',20,'delete_djangomigrations'),(46,'Can add django session',21,'add_djangosession'),(47,'Can change django session',21,'change_djangosession'),(48,'Can delete django session',21,'delete_djangosession'),(49,'Can add history store',22,'add_historystore'),(50,'Can change history store',22,'change_historystore'),(51,'Can delete history store',22,'delete_historystore'),(52,'Can add hockynam',11,'add_hockynam'),(53,'Can change hockynam',11,'change_hockynam'),(54,'Can delete hockynam',11,'delete_hockynam'),(55,'Can add khoahoc',23,'add_khoahoc'),(56,'Can change khoahoc',23,'change_khoahoc'),(57,'Can delete khoahoc',23,'delete_khoahoc'),(58,'Can add lophocphan',24,'add_lophocphan'),(59,'Can change lophocphan',24,'change_lophocphan'),(60,'Can delete lophocphan',24,'delete_lophocphan'),(61,'Can add lopnienkhoa',10,'add_lopnienkhoa'),(62,'Can change lopnienkhoa',10,'change_lopnienkhoa'),(63,'Can delete lopnienkhoa',10,'delete_lopnienkhoa'),(64,'Can add monhoc',25,'add_monhoc'),(65,'Can change monhoc',25,'change_monhoc'),(66,'Can delete monhoc',25,'delete_monhoc'),(67,'Can add tinhthanh',26,'add_tinhthanh'),(68,'Can change tinhthanh',26,'change_tinhthanh'),(69,'Can delete tinhthanh',26,'delete_tinhthanh'),(70,'Can add nganhhoc',9,'add_nganhhoc'),(71,'Can change nganhhoc',9,'change_nganhhoc'),(72,'Can delete nganhhoc',9,'delete_nganhhoc'),(73,'Can add ctkhung',27,'add_ctkhung'),(74,'Can change ctkhung',27,'change_ctkhung'),(75,'Can delete ctkhung',27,'delete_ctkhung'),(76,'Can add gvphutrach',28,'add_gvphutrach'),(77,'Can change gvphutrach',28,'change_gvphutrach'),(78,'Can delete gvphutrach',28,'delete_gvphutrach'),(79,'Can add giangvien',7,'add_giangvien'),(80,'Can change giangvien',7,'change_giangvien'),(81,'Can delete giangvien',7,'delete_giangvien'),(82,'Can add sinhvien',8,'add_sinhvien'),(83,'Can change sinhvien',8,'change_sinhvien'),(84,'Can delete sinhvien',8,'delete_sinhvien'),(85,'Can add ketquahoctap',29,'add_ketquahoctap'),(86,'Can change ketquahoctap',29,'change_ketquahoctap'),(87,'Can delete ketquahoctap',29,'delete_ketquahoctap');
/*!40000 ALTER TABLE `auth_permission` ENABLE KEYS */;
UNLOCK TABLES;

--
-- Table structure for table `auth_user`
--

DROP TABLE IF EXISTS `auth_user`;
/*!40101 SET @saved_cs_client     = @@character_set_client */;
/*!40101 SET character_set_client = utf8 */;
CREATE TABLE `auth_user` (
  `id` int(11) NOT NULL AUTO_INCREMENT,
  `password` varchar(128) NOT NULL,
  `last_login` datetime(6) DEFAULT NULL,
  `is_superuser` tinyint(1) NOT NULL,
  `username` varchar(150) NOT NULL,
  `first_name` varchar(30) NOT NULL,
  `last_name` varchar(150) NOT NULL,
  `email` varchar(254) NOT NULL,
  `is_staff` tinyint(1) NOT NULL,
  `is_active` tinyint(1) NOT NULL,
  `date_joined` datetime(6) NOT NULL,
  PRIMARY KEY (`id`),
  UNIQUE KEY `username` (`username`)
) ENGINE=InnoDB AUTO_INCREMENT=3 DEFAULT CHARSET=utf8;
/*!40101 SET character_set_client = @saved_cs_client */;

--
-- Dumping data for table `auth_user`
--

LOCK TABLES `auth_user` WRITE;
/*!40000 ALTER TABLE `auth_user` DISABLE KEYS */;
INSERT INTO `auth_user` VALUES (1,'pbkdf2_sha256$100000$X3CjzQSDApCJ$FozlZk6pOpUKq6jT/Q5kyj+dRV7oNdO4q+8uVcL7OIM=','2018-04-27 09:19:45.248280',1,'admin','nguyễn','An','nguyenxan69@gmail.com',1,1,'2018-04-14 17:22:54.000000'),(2,'pbkdf2_sha256$100000$nt5IPPtI6TKH$JwSSjI26ASr5/Rs5hAZckXG5mT8oS01rUHVnptudkKE=','2018-04-26 14:58:38.000000',0,'root','','','nguyenan6197@gmail.com',1,1,'2018-04-17 18:34:22.000000');
/*!40000 ALTER TABLE `auth_user` ENABLE KEYS */;
UNLOCK TABLES;

--
-- Table structure for table `auth_user_groups`
--

DROP TABLE IF EXISTS `auth_user_groups`;
/*!40101 SET @saved_cs_client     = @@character_set_client */;
/*!40101 SET character_set_client = utf8 */;
CREATE TABLE `auth_user_groups` (
  `id` int(11) NOT NULL AUTO_INCREMENT,
  `user_id` int(11) NOT NULL,
  `group_id` int(11) NOT NULL,
  PRIMARY KEY (`id`),
  UNIQUE KEY `auth_user_groups_user_id_group_id_94350c0c_uniq` (`user_id`,`group_id`),
  KEY `auth_user_groups_group_id_97559544_fk_auth_group_id` (`group_id`),
  CONSTRAINT `auth_user_groups_group_id_97559544_fk_auth_group_id` FOREIGN KEY (`group_id`) REFERENCES `auth_group` (`id`),
  CONSTRAINT `auth_user_groups_user_id_6a12ed8b_fk_auth_user_id` FOREIGN KEY (`user_id`) REFERENCES `auth_user` (`id`)
) ENGINE=InnoDB DEFAULT CHARSET=utf8;
/*!40101 SET character_set_client = @saved_cs_client */;

--
-- Dumping data for table `auth_user_groups`
--

LOCK TABLES `auth_user_groups` WRITE;
/*!40000 ALTER TABLE `auth_user_groups` DISABLE KEYS */;
/*!40000 ALTER TABLE `auth_user_groups` ENABLE KEYS */;
UNLOCK TABLES;

--
-- Table structure for table `auth_user_user_permissions`
--

DROP TABLE IF EXISTS `auth_user_user_permissions`;
/*!40101 SET @saved_cs_client     = @@character_set_client */;
/*!40101 SET character_set_client = utf8 */;
CREATE TABLE `auth_user_user_permissions` (
  `id` int(11) NOT NULL AUTO_INCREMENT,
  `user_id` int(11) NOT NULL,
  `permission_id` int(11) NOT NULL,
  PRIMARY KEY (`id`),
  UNIQUE KEY `auth_user_user_permissions_user_id_permission_id_14a6b632_uniq` (`user_id`,`permission_id`),
  KEY `auth_user_user_permi_permission_id_1fbb5f2c_fk_auth_perm` (`permission_id`),
  CONSTRAINT `auth_user_user_permi_permission_id_1fbb5f2c_fk_auth_perm` FOREIGN KEY (`permission_id`) REFERENCES `auth_permission` (`id`),
  CONSTRAINT `auth_user_user_permissions_user_id_a95ead1b_fk_auth_user_id` FOREIGN KEY (`user_id`) REFERENCES `auth_user` (`id`)
) ENGINE=InnoDB DEFAULT CHARSET=utf8;
/*!40101 SET character_set_client = @saved_cs_client */;

--
-- Dumping data for table `auth_user_user_permissions`
--

LOCK TABLES `auth_user_user_permissions` WRITE;
/*!40000 ALTER TABLE `auth_user_user_permissions` DISABLE KEYS */;
/*!40000 ALTER TABLE `auth_user_user_permissions` ENABLE KEYS */;
UNLOCK TABLES;

--
-- Table structure for table `ctkhung`
--

DROP TABLE IF EXISTS `ctkhung`;
/*!40101 SET @saved_cs_client     = @@character_set_client */;
/*!40101 SET character_set_client = utf8 */;
CREATE TABLE `ctkhung` (
  `MaNganh` int(11) NOT NULL,
  `MaMon` int(11) NOT NULL,
  `HocKy` varchar(10) COLLATE utf8_bin DEFAULT NULL,
  `BatBuoc` varchar(50) COLLATE utf8_bin DEFAULT NULL,
  PRIMARY KEY (`MaNganh`,`MaMon`),
  KEY `FK_CTKhung_MonHoc` (`MaMon`),
  CONSTRAINT `FK_CTKhung_MonHoc` FOREIGN KEY (`MaMon`) REFERENCES `monhoc` (`MaMon`) ON DELETE NO ACTION ON UPDATE NO ACTION,
  CONSTRAINT `FK_CTKhung_NganhHoc` FOREIGN KEY (`MaNganh`) REFERENCES `nganhhoc` (`MaNganh`) ON DELETE NO ACTION ON UPDATE NO ACTION
) ENGINE=InnoDB DEFAULT CHARSET=utf8 COLLATE=utf8_bin;
/*!40101 SET character_set_client = @saved_cs_client */;

--
-- Dumping data for table `ctkhung`
--

LOCK TABLES `ctkhung` WRITE;
/*!40000 ALTER TABLE `ctkhung` DISABLE KEYS */;
INSERT INTO `ctkhung` VALUES (102,204,'1','yes');
/*!40000 ALTER TABLE `ctkhung` ENABLE KEYS */;
UNLOCK TABLES;

--
-- Table structure for table `django_admin_log`
--

DROP TABLE IF EXISTS `django_admin_log`;
/*!40101 SET @saved_cs_client     = @@character_set_client */;
/*!40101 SET character_set_client = utf8 */;
CREATE TABLE `django_admin_log` (
  `id` int(11) NOT NULL AUTO_INCREMENT,
  `action_time` datetime(6) NOT NULL,
  `object_id` longtext,
  `object_repr` varchar(200) NOT NULL,
  `action_flag` smallint(5) unsigned NOT NULL,
  `change_message` longtext NOT NULL,
  `content_type_id` int(11) DEFAULT NULL,
  `user_id` int(11) NOT NULL,
  PRIMARY KEY (`id`),
  KEY `django_admin_log_content_type_id_c4bce8eb_fk_django_co` (`content_type_id`),
  KEY `django_admin_log_user_id_c564eba6_fk` (`user_id`),
  CONSTRAINT `django_admin_log_content_type_id_c4bce8eb_fk_django_co` FOREIGN KEY (`content_type_id`) REFERENCES `django_content_type` (`id`),
  CONSTRAINT `django_admin_log_user_id_c564eba6_fk` FOREIGN KEY (`user_id`) REFERENCES `auth_user` (`id`)
) ENGINE=InnoDB AUTO_INCREMENT=35 DEFAULT CHARSET=utf8;
/*!40101 SET character_set_client = @saved_cs_client */;

--
-- Dumping data for table `django_admin_log`
--

LOCK TABLES `django_admin_log` WRITE;
/*!40000 ALTER TABLE `django_admin_log` DISABLE KEYS */;
INSERT INTO `django_admin_log` VALUES (1,'2018-04-16 03:45:02.132111','-1','Giangvien object (-1)',1,'[{\"added\": {}}]',7,1),(2,'2018-04-16 03:46:00.562030','-1','Giangvien object (-1)',3,'',7,1),(3,'2018-04-16 03:48:08.871450','19','Giangvien object (19)',1,'[{\"added\": {}}]',7,1),(4,'2018-04-16 03:48:18.333199','19','Giangvien object (19)',2,'[]',7,1),(5,'2018-04-16 03:48:36.808421','19','Giangvien object (19)',2,'[]',7,1),(6,'2018-04-16 05:20:01.208426','19','Giangvien object (19)',2,'[{\"changed\": {\"fields\": [\"ho\"]}}]',7,1),(7,'2018-04-16 09:38:40.834056','18','Giangvien object (18)',1,'[{\"added\": {}}]',7,1),(8,'2018-04-16 09:39:02.920085','17','Giangvien object (17)',1,'[{\"added\": {}}]',7,1),(9,'2018-04-16 09:39:06.095344','17','Giangvien object (17)',2,'[]',7,1),(10,'2018-04-16 09:39:20.833921','18','Giangvien object (18)',2,'[{\"changed\": {\"fields\": [\"ten\"]}}]',7,1),(11,'2018-04-16 09:39:52.998553','17','Giangvien object (17)',3,'',7,1),(12,'2018-04-24 13:31:47.789126','102','Ctkhung object (102)',1,'[{\"added\": {}}]',27,1),(13,'2018-04-24 13:32:33.883033','103','Ctkhung object (103)',3,'',27,1),(14,'2018-04-24 13:32:33.946501','103','Ctkhung object (103)',3,'',27,1),(15,'2018-04-24 13:32:34.003507','103','Ctkhung object (103)',3,'',27,1),(16,'2018-04-24 17:56:32.599812','32','Giangvien object (32)',2,'[{\"changed\": {\"fields\": [\"img\"]}}]',7,1),(17,'2018-04-24 18:21:18.966990','31','Giangvien object (31)',2,'[{\"changed\": {\"fields\": [\"img\"]}}]',7,1),(18,'2018-04-24 18:33:08.543289','19','Giangvien object (19)',2,'[{\"changed\": {\"fields\": [\"img\"]}}]',7,1),(19,'2018-04-24 18:33:22.442897','19','Giangvien object (19)',2,'[{\"changed\": {\"fields\": [\"img\"]}}]',7,1),(20,'2018-04-24 18:38:01.296296','19','Giangvien object (19)',2,'[{\"changed\": {\"fields\": [\"img\"]}}]',7,1),(21,'2018-04-24 18:49:22.029298','19','Giangvien object (19)',2,'[{\"changed\": {\"fields\": [\"img\"]}}]',7,1),(22,'2018-04-24 18:51:30.307928','32','Giangvien object (32)',2,'[{\"changed\": {\"fields\": [\"img\"]}}]',7,1),(23,'2018-04-24 18:54:22.281830','29','Giangvien object (29)',2,'[{\"changed\": {\"fields\": [\"img\"]}}]',7,1),(24,'2018-04-24 18:54:52.937241','29','Giangvien object (29)',2,'[{\"changed\": {\"fields\": [\"img\"]}}]',7,1),(25,'2018-04-24 19:02:25.420937','32','Giangvien object (32)',2,'[{\"changed\": {\"fields\": [\"img\"]}}]',7,1),(26,'2018-04-24 19:03:37.664439','20','Giangvien object (20)',2,'[{\"changed\": {\"fields\": [\"img\"]}}]',7,1),(27,'2018-04-24 19:17:45.716095','30','Giangvien object (30)',2,'[{\"changed\": {\"fields\": [\"img\"]}}]',7,1),(28,'2018-04-24 19:22:13.237583','30','Giangvien object (30)',2,'[{\"changed\": {\"fields\": [\"img\"]}}]',7,1),(29,'2018-04-24 19:33:47.168042','29','Giangvien object (29)',2,'[{\"changed\": {\"fields\": [\"img\"]}}]',7,1),(30,'2018-04-25 06:02:42.351631','19','Giangvien object (19)',2,'[{\"changed\": {\"fields\": [\"img\"]}}]',7,1),(31,'2018-04-26 14:57:34.889658','1','root',1,'[{\"added\": {}}]',3,1),(32,'2018-04-26 14:58:21.931063','1','admin',2,'[{\"changed\": {\"fields\": [\"first_name\", \"last_name\"]}}]',4,1),(33,'2018-04-26 15:00:47.363487','2','root',2,'[{\"changed\": {\"fields\": [\"is_superuser\"]}}]',4,1),(34,'2018-04-27 09:21:06.154638','15063455','Sinhvien object (15063455)',2,'[{\"changed\": {\"fields\": [\"ho\"]}}]',8,1);
/*!40000 ALTER TABLE `django_admin_log` ENABLE KEYS */;
UNLOCK TABLES;

--
-- Table structure for table `django_content_type`
--

DROP TABLE IF EXISTS `django_content_type`;
/*!40101 SET @saved_cs_client     = @@character_set_client */;
/*!40101 SET character_set_client = utf8 */;
CREATE TABLE `django_content_type` (
  `id` int(11) NOT NULL AUTO_INCREMENT,
  `app_label` varchar(100) NOT NULL,
  `model` varchar(100) NOT NULL,
  PRIMARY KEY (`id`),
  UNIQUE KEY `django_content_type_app_label_model_76bd3d3b_uniq` (`app_label`,`model`)
) ENGINE=InnoDB AUTO_INCREMENT=30 DEFAULT CHARSET=utf8;
/*!40101 SET character_set_client = @saved_cs_client */;

--
-- Dumping data for table `django_content_type`
--

LOCK TABLES `django_content_type` WRITE;
/*!40000 ALTER TABLE `django_content_type` DISABLE KEYS */;
INSERT INTO `django_content_type` VALUES (1,'admin','logentry'),(3,'auth','group'),(2,'auth','permission'),(4,'auth','user'),(5,'contenttypes','contenttype'),(12,'QlSV','authgroup'),(13,'QlSV','authgrouppermissions'),(14,'QlSV','authpermission'),(15,'QlSV','authuser'),(16,'QlSV','authusergroups'),(17,'QlSV','authuseruserpermissions'),(27,'QlSV','ctkhung'),(18,'QlSV','djangoadminlog'),(19,'QlSV','djangocontenttype'),(20,'QlSV','djangomigrations'),(21,'QlSV','djangosession'),(7,'QlSV','giangvien'),(28,'QlSV','gvphutrach'),(22,'QlSV','historystore'),(11,'QlSV','hockynam'),(29,'QlSV','ketquahoctap'),(23,'QlSV','khoahoc'),(24,'QlSV','lophocphan'),(10,'QlSV','lopnienkhoa'),(25,'QlSV','monhoc'),(9,'QlSV','nganhhoc'),(8,'QlSV','sinhvien'),(26,'QlSV','tinhthanh'),(6,'sessions','session');
/*!40000 ALTER TABLE `django_content_type` ENABLE KEYS */;
UNLOCK TABLES;

--
-- Table structure for table `django_migrations`
--

DROP TABLE IF EXISTS `django_migrations`;
/*!40101 SET @saved_cs_client     = @@character_set_client */;
/*!40101 SET character_set_client = utf8 */;
CREATE TABLE `django_migrations` (
  `id` int(11) NOT NULL AUTO_INCREMENT,
  `app` varchar(255) NOT NULL,
  `name` varchar(255) NOT NULL,
  `applied` datetime(6) NOT NULL,
  PRIMARY KEY (`id`)
) ENGINE=InnoDB AUTO_INCREMENT=16 DEFAULT CHARSET=utf8;
/*!40101 SET character_set_client = @saved_cs_client */;

--
-- Dumping data for table `django_migrations`
--

LOCK TABLES `django_migrations` WRITE;
/*!40000 ALTER TABLE `django_migrations` DISABLE KEYS */;
INSERT INTO `django_migrations` VALUES (1,'contenttypes','0001_initial','2018-04-14 13:35:04.834115'),(2,'auth','0001_initial','2018-04-14 13:35:15.090946'),(3,'admin','0001_initial','2018-04-14 13:35:17.499081'),(4,'admin','0002_logentry_remove_auto_add','2018-04-14 13:35:17.591189'),(5,'contenttypes','0002_remove_content_type_name','2018-04-14 13:35:19.172776'),(6,'auth','0002_alter_permission_name_max_length','2018-04-14 13:35:20.189690'),(7,'auth','0003_alter_user_email_max_length','2018-04-14 13:35:21.913371'),(8,'auth','0004_alter_user_username_opts','2018-04-14 13:35:22.011546'),(9,'auth','0005_alter_user_last_login_null','2018-04-14 13:35:22.707552'),(10,'auth','0006_require_contenttypes_0002','2018-04-14 13:35:22.739558'),(11,'auth','0007_alter_validators_add_error_messages','2018-04-14 13:35:22.799544'),(12,'auth','0008_alter_user_username_max_length','2018-04-14 13:35:24.415654'),(13,'auth','0009_alter_user_last_name_max_length','2018-04-14 13:35:25.131954'),(14,'sessions','0001_initial','2018-04-14 13:35:25.649650'),(15,'QlSV','0001_initial','2018-04-24 05:58:32.129811');
/*!40000 ALTER TABLE `django_migrations` ENABLE KEYS */;
UNLOCK TABLES;

--
-- Table structure for table `django_session`
--

DROP TABLE IF EXISTS `django_session`;
/*!40101 SET @saved_cs_client     = @@character_set_client */;
/*!40101 SET character_set_client = utf8 */;
CREATE TABLE `django_session` (
  `session_key` varchar(40) NOT NULL,
  `session_data` longtext NOT NULL,
  `expire_date` datetime(6) NOT NULL,
  PRIMARY KEY (`session_key`),
  KEY `django_session_expire_date_a5c62663` (`expire_date`)
) ENGINE=InnoDB DEFAULT CHARSET=utf8;
/*!40101 SET character_set_client = @saved_cs_client */;

--
-- Dumping data for table `django_session`
--

LOCK TABLES `django_session` WRITE;
/*!40000 ALTER TABLE `django_session` DISABLE KEYS */;
INSERT INTO `django_session` VALUES ('ao5l14hpznt9e0td3dcqtf3io1e1tqwc','Mzc5MzcwMmVkNWE0NGMwYmE4NDBjZmI0NGFlNDAzOWExNDc2NjI2Mjp7Il9hdXRoX3VzZXJfaWQiOiIxIiwiX2F1dGhfdXNlcl9iYWNrZW5kIjoiZGphbmdvLmNvbnRyaWIuYXV0aC5iYWNrZW5kcy5Nb2RlbEJhY2tlbmQiLCJfYXV0aF91c2VyX2hhc2giOiJiZGQzMjkyMjY1NmY1MjYzNjY1NzNhMzU1M2UxMGYyZDdhOTBkNjI1In0=','2018-05-08 18:48:28.565296'),('h2mfc6usefispimdowia3ew5nwdtu00q','Mzc5MzcwMmVkNWE0NGMwYmE4NDBjZmI0NGFlNDAzOWExNDc2NjI2Mjp7Il9hdXRoX3VzZXJfaWQiOiIxIiwiX2F1dGhfdXNlcl9iYWNrZW5kIjoiZGphbmdvLmNvbnRyaWIuYXV0aC5iYWNrZW5kcy5Nb2RlbEJhY2tlbmQiLCJfYXV0aF91c2VyX2hhc2giOiJiZGQzMjkyMjY1NmY1MjYzNjY1NzNhMzU1M2UxMGYyZDdhOTBkNjI1In0=','2018-05-11 09:19:45.301481');
/*!40000 ALTER TABLE `django_session` ENABLE KEYS */;
UNLOCK TABLES;

--
-- Table structure for table `giangvien`
--

DROP TABLE IF EXISTS `giangvien`;
/*!40101 SET @saved_cs_client     = @@character_set_client */;
/*!40101 SET character_set_client = utf8 */;
CREATE TABLE `giangvien` (
  `MaGV` int(11) NOT NULL,
  `Ho` varchar(50) COLLATE utf8_bin DEFAULT NULL,
  `Ten` varchar(10) COLLATE utf8_bin DEFAULT NULL,
  `Phone` varchar(10) COLLATE utf8_bin DEFAULT NULL,
  `pass` varchar(50) COLLATE utf8_bin DEFAULT NULL,
  PRIMARY KEY (`MaGV`)
) ENGINE=InnoDB DEFAULT CHARSET=utf8 COLLATE=utf8_bin;
/*!40101 SET character_set_client = @saved_cs_client */;

--
-- Dumping data for table `giangvien`
--

LOCK TABLES `giangvien` WRITE;
/*!40000 ALTER TABLE `giangvien` DISABLE KEYS */;
INSERT INTO `giangvien` VALUES (18,'abc','nguyen','0','0'),(19,'Nguyễn Bình','An','0961797005','@Nnguyen'),(20,'Lăng Văn','Thắng','0','0'),(21,'Nguyễn Ngọc','Điệp','0','0'),(22,'Lê Vũ','Hải','0','0'),(23,'Huỳnh Xuân','Khoa','0','0'),(24,'Đặng Hoàng',' Minh','0','0'),(25,'Nguyễn Huy','Phúc','0','0'),(26,'Trần Trọng','Nhân','0','0'),(27,'Nguyễn Danh','Sơn','0','0'),(28,'Nguyễn Minh','Phú','0','0'),(29,'Huỳnh Thị Ngọc','Trinh','0','0'),(30,'Đặng Văn','Ánh','0','0'),(31,'Tien','Nguyen','0','0'),(32,'Nguyễn','Bình','0','0');
/*!40000 ALTER TABLE `giangvien` ENABLE KEYS */;
UNLOCK TABLES;

--
-- Table structure for table `gvphutrach`
--

DROP TABLE IF EXISTS `gvphutrach`;
/*!40101 SET @saved_cs_client     = @@character_set_client */;
/*!40101 SET character_set_client = utf8 */;
CREATE TABLE `gvphutrach` (
  `MaGV` int(11) NOT NULL,
  `MaMon` int(11) NOT NULL,
  `HocKyBatDau` int(11) DEFAULT NULL,
  PRIMARY KEY (`MaGV`,`MaMon`),
  KEY `FK_GVPhuTrach_MonHoc` (`MaMon`),
  KEY `FK_GVPhuTrach_HocKyNam` (`HocKyBatDau`),
  CONSTRAINT `FK_GVPhuTrach_GV` FOREIGN KEY (`MaGV`) REFERENCES `giangvien` (`MaGV`) ON DELETE NO ACTION ON UPDATE NO ACTION,
  CONSTRAINT `FK_GVPhuTrach_HocKyNam` FOREIGN KEY (`HocKyBatDau`) REFERENCES `hockynam` (`MaHK`) ON DELETE NO ACTION ON UPDATE NO ACTION,
  CONSTRAINT `FK_GVPhuTrach_MonHoc` FOREIGN KEY (`MaMon`) REFERENCES `monhoc` (`MaMon`) ON DELETE NO ACTION ON UPDATE NO ACTION
) ENGINE=InnoDB DEFAULT CHARSET=utf8 COLLATE=utf8_bin;
/*!40101 SET character_set_client = @saved_cs_client */;

--
-- Dumping data for table `gvphutrach`
--

LOCK TABLES `gvphutrach` WRITE;
/*!40000 ALTER TABLE `gvphutrach` DISABLE KEYS */;
INSERT INTO `gvphutrach` VALUES (22,224,100),(23,243,100),(24,208,100),(26,211,100),(27,225,100),(28,242,100),(21,212,101),(21,235,101),(24,230,101),(24,247,101),(27,203,101),(29,240,101),(20,242,102),(22,251,102),(23,222,102),(24,219,102),(28,225,102),(28,248,102),(30,244,102),(21,211,103),(22,216,103),(22,247,103),(26,207,103),(25,221,104),(26,220,104),(26,233,104),(28,200,104),(29,214,104),(20,210,105),(23,225,105),(24,204,105),(24,216,105),(25,229,105),(21,251,106),(24,221,106),(25,252,106),(26,235,106),(24,223,107),(26,201,107),(26,238,107),(27,240,107),(29,239,107);
/*!40000 ALTER TABLE `gvphutrach` ENABLE KEYS */;
UNLOCK TABLES;

--
-- Table structure for table `history_store`
--

DROP TABLE IF EXISTS `history_store`;
/*!40101 SET @saved_cs_client     = @@character_set_client */;
/*!40101 SET character_set_client = utf8 */;
CREATE TABLE `history_store` (
  `timemark` timestamp NOT NULL DEFAULT CURRENT_TIMESTAMP ON UPDATE CURRENT_TIMESTAMP,
  `table_name` tinytext COLLATE utf8_bin NOT NULL,
  `pk_date_src` text COLLATE utf8_bin NOT NULL,
  `pk_date_dest` text COLLATE utf8_bin NOT NULL,
  `record_state` int(11) NOT NULL,
  PRIMARY KEY (`table_name`(85),`pk_date_dest`(85))
) ENGINE=InnoDB DEFAULT CHARSET=utf8 COLLATE=utf8_bin;
/*!40101 SET character_set_client = @saved_cs_client */;

--
-- Dumping data for table `history_store`
--

LOCK TABLES `history_store` WRITE;
/*!40000 ALTER TABLE `history_store` DISABLE KEYS */;
INSERT INTO `history_store` VALUES ('2018-04-25 03:31:47','CTKhung','<MaNganh>102</MaNganh><MaMon>204</MaMon>','<MaNganh>102</MaNganh><MaMon>204</MaMon>',1),('2018-04-25 03:32:34','CTKhung','<MaNganh>103</MaNganh><MaMon>201</MaMon>','<MaNganh>103</MaNganh><MaMon>201</MaMon>',3),('2018-04-25 03:32:34','CTKhung','<MaNganh>103</MaNganh><MaMon>202</MaMon>','<MaNganh>103</MaNganh><MaMon>202</MaMon>',3),('2018-04-26 23:04:00','GiangVien','<MaGV>18</MaGV>','<MaGV>18</MaGV>',1),('2018-04-25 20:02:42','GiangVien','<MaGV>19</MaGV>','<MaGV>19</MaGV>',1),('2018-04-26 23:04:00','GiangVien','<MaGV>20</MaGV>','<MaGV>20</MaGV>',2),('2018-04-26 23:04:00','GiangVien','<MaGV>21</MaGV>','<MaGV>21</MaGV>',2),('2018-04-26 23:04:00','GiangVien','<MaGV>22</MaGV>','<MaGV>22</MaGV>',2),('2018-04-26 23:04:00','GiangVien','<MaGV>23</MaGV>','<MaGV>23</MaGV>',2),('2018-04-26 23:04:00','GiangVien','<MaGV>24</MaGV>','<MaGV>24</MaGV>',2),('2018-04-26 23:04:00','GiangVien','<MaGV>25</MaGV>','<MaGV>25</MaGV>',2),('2018-04-26 23:04:00','GiangVien','<MaGV>26</MaGV>','<MaGV>26</MaGV>',2),('2018-04-26 23:04:00','GiangVien','<MaGV>27</MaGV>','<MaGV>27</MaGV>',2),('2018-04-26 23:04:00','GiangVien','<MaGV>28</MaGV>','<MaGV>28</MaGV>',2),('2018-04-26 23:04:00','GiangVien','<MaGV>29</MaGV>','<MaGV>29</MaGV>',2),('2018-04-26 23:04:00','GiangVien','<MaGV>30</MaGV>','<MaGV>30</MaGV>',2),('2018-04-26 23:04:00','GiangVien','<MaGV>31</MaGV>','<MaGV>31</MaGV>',2),('2018-04-26 23:04:00','GiangVien','<MaGV>32</MaGV>','<MaGV>32</MaGV>',1),('2018-04-26 23:09:12','SinhVien','<MaSV>11006870</MaSV>','<MaSV>11006870</MaSV>',2),('2018-04-26 23:09:12','SinhVien','<MaSV>11030482</MaSV>','<MaSV>11030482</MaSV>',2),('2018-04-26 23:09:12','SinhVien','<MaSV>11032342</MaSV>','<MaSV>11032342</MaSV>',2),('2018-04-26 23:09:12','SinhVien','<MaSV>11032900</MaSV>','<MaSV>11032900</MaSV>',2),('2018-04-26 23:09:12','SinhVien','<MaSV>11033107</MaSV>','<MaSV>11033107</MaSV>',2),('2018-04-26 23:09:12','SinhVien','<MaSV>11033559</MaSV>','<MaSV>11033559</MaSV>',2),('2018-04-26 23:09:12','SinhVien','<MaSV>11034610</MaSV>','<MaSV>11034610</MaSV>',2),('2018-04-26 23:09:12','SinhVien','<MaSV>11034945</MaSV>','<MaSV>11034945</MaSV>',2),('2018-04-26 23:09:12','SinhVien','<MaSV>11035709</MaSV>','<MaSV>11035709</MaSV>',2),('2018-04-26 23:09:12','SinhVien','<MaSV>11036128</MaSV>','<MaSV>11036128</MaSV>',2),('2018-04-26 23:09:12','SinhVien','<MaSV>11036728</MaSV>','<MaSV>11036728</MaSV>',2),('2018-04-26 23:09:12','SinhVien','<MaSV>11037441</MaSV>','<MaSV>11037441</MaSV>',2),('2018-04-26 23:09:12','SinhVien','<MaSV>11038414</MaSV>','<MaSV>11038414</MaSV>',2),('2018-04-26 23:09:12','SinhVien','<MaSV>11039556</MaSV>','<MaSV>11039556</MaSV>',2),('2018-04-26 23:09:12','SinhVien','<MaSV>11040545</MaSV>','<MaSV>11040545</MaSV>',2),('2018-04-26 23:09:12','SinhVien','<MaSV>11040672</MaSV>','<MaSV>11040672</MaSV>',2),('2018-04-26 23:09:12','SinhVien','<MaSV>11043078</MaSV>','<MaSV>11043078</MaSV>',2),('2018-04-26 23:09:12','SinhVien','<MaSV>11043471</MaSV>','<MaSV>11043471</MaSV>',2),('2018-04-26 23:09:12','SinhVien','<MaSV>11043788</MaSV>','<MaSV>11043788</MaSV>',2),('2018-04-26 23:09:12','SinhVien','<MaSV>11046115</MaSV>','<MaSV>11046115</MaSV>',2),('2018-04-26 23:09:12','SinhVien','<MaSV>11048367</MaSV>','<MaSV>11048367</MaSV>',2),('2018-04-26 23:09:12','SinhVien','<MaSV>11048394</MaSV>','<MaSV>11048394</MaSV>',2),('2018-04-26 23:09:12','SinhVien','<MaSV>11048918</MaSV>','<MaSV>11048918</MaSV>',2),('2018-04-26 23:09:12','SinhVien','<MaSV>11054092</MaSV>','<MaSV>11054092</MaSV>',2),('2018-04-26 23:09:12','SinhVien','<MaSV>11054167</MaSV>','<MaSV>11054167</MaSV>',2),('2018-04-26 23:09:12','SinhVien','<MaSV>11056030</MaSV>','<MaSV>11056030</MaSV>',2),('2018-04-26 23:09:12','SinhVien','<MaSV>11061822</MaSV>','<MaSV>11061822</MaSV>',2),('2018-04-26 23:09:12','SinhVien','<MaSV>11069419</MaSV>','<MaSV>11069419</MaSV>',2),('2018-04-26 23:09:12','SinhVien','<MaSV>11072334</MaSV>','<MaSV>11072334</MaSV>',2),('2018-04-26 23:09:12','SinhVien','<MaSV>11073607</MaSV>','<MaSV>11073607</MaSV>',2),('2018-04-26 23:09:12','SinhVien','<MaSV>11074390</MaSV>','<MaSV>11074390</MaSV>',2),('2018-04-26 23:09:12','SinhVien','<MaSV>11075375</MaSV>','<MaSV>11075375</MaSV>',2),('2018-04-26 23:09:12','SinhVien','<MaSV>11080024</MaSV>','<MaSV>11080024</MaSV>',2),('2018-04-26 23:09:12','SinhVien','<MaSV>11080466</MaSV>','<MaSV>11080466</MaSV>',2),('2018-04-26 23:09:12','SinhVien','<MaSV>11081115</MaSV>','<MaSV>11081115</MaSV>',2),('2018-04-26 23:09:12','SinhVien','<MaSV>11082755</MaSV>','<MaSV>11082755</MaSV>',2),('2018-04-26 23:09:12','SinhVien','<MaSV>11083430</MaSV>','<MaSV>11083430</MaSV>',2),('2018-04-26 23:09:13','SinhVien','<MaSV>11083501</MaSV>','<MaSV>11083501</MaSV>',2),('2018-04-26 23:09:13','SinhVien','<MaSV>11083582</MaSV>','<MaSV>11083582</MaSV>',2),('2018-04-26 23:09:13','SinhVien','<MaSV>11084629</MaSV>','<MaSV>11084629</MaSV>',2),('2018-04-26 23:09:13','SinhVien','<MaSV>11110230</MaSV>','<MaSV>11110230</MaSV>',2),('2018-04-26 23:09:13','SinhVien','<MaSV>11221116</MaSV>','<MaSV>11221116</MaSV>',2),('2018-04-26 23:09:13','SinhVien','<MaSV>11223482</MaSV>','<MaSV>11223482</MaSV>',2),('2018-04-26 23:09:13','SinhVien','<MaSV>11223682</MaSV>','<MaSV>11223682</MaSV>',2),('2018-04-26 23:09:13','SinhVien','<MaSV>11227265</MaSV>','<MaSV>11227265</MaSV>',2),('2018-04-26 23:09:13','SinhVien','<MaSV>11228062</MaSV>','<MaSV>11228062</MaSV>',2),('2018-04-26 23:09:13','SinhVien','<MaSV>11228072</MaSV>','<MaSV>11228072</MaSV>',2),('2018-04-26 23:09:13','SinhVien','<MaSV>11228404</MaSV>','<MaSV>11228404</MaSV>',2),('2018-04-26 23:09:13','SinhVien','<MaSV>11229008</MaSV>','<MaSV>11229008</MaSV>',2),('2018-04-26 23:09:13','SinhVien','<MaSV>11229334</MaSV>','<MaSV>11229334</MaSV>',2),('2018-04-26 23:09:13','SinhVien','<MaSV>11230960</MaSV>','<MaSV>11230960</MaSV>',2),('2018-04-27 04:16:44','SinhVien','<MaSV>11231731</MaSV>','<MaSV>11231731</MaSV>',2),('2018-04-27 04:16:44','SinhVien','<MaSV>11233215</MaSV>','<MaSV>11233215</MaSV>',2),('2018-04-27 04:16:44','SinhVien','<MaSV>11234197</MaSV>','<MaSV>11234197</MaSV>',2),('2018-04-27 04:16:44','SinhVien','<MaSV>11234727</MaSV>','<MaSV>11234727</MaSV>',2),('2018-04-27 04:16:44','SinhVien','<MaSV>11235380</MaSV>','<MaSV>11235380</MaSV>',2),('2018-04-27 04:16:44','SinhVien','<MaSV>11236756</MaSV>','<MaSV>11236756</MaSV>',2),('2018-04-27 04:16:44','SinhVien','<MaSV>11240928</MaSV>','<MaSV>11240928</MaSV>',2),('2018-04-27 04:16:44','SinhVien','<MaSV>11241815</MaSV>','<MaSV>11241815</MaSV>',2),('2018-04-27 04:16:44','SinhVien','<MaSV>11241958</MaSV>','<MaSV>11241958</MaSV>',2),('2018-04-27 04:16:44','SinhVien','<MaSV>11243665</MaSV>','<MaSV>11243665</MaSV>',2),('2018-04-27 04:16:45','SinhVien','<MaSV>11245126</MaSV>','<MaSV>11245126</MaSV>',2),('2018-04-27 04:16:45','SinhVien','<MaSV>11245220</MaSV>','<MaSV>11245220</MaSV>',2),('2018-04-27 04:16:45','SinhVien','<MaSV>11245397</MaSV>','<MaSV>11245397</MaSV>',2),('2018-04-27 04:16:45','SinhVien','<MaSV>11247864</MaSV>','<MaSV>11247864</MaSV>',2),('2018-04-27 04:16:45','SinhVien','<MaSV>11248225</MaSV>','<MaSV>11248225</MaSV>',2),('2018-04-27 04:16:45','SinhVien','<MaSV>11248316</MaSV>','<MaSV>11248316</MaSV>',2),('2018-04-27 04:16:45','SinhVien','<MaSV>11250785</MaSV>','<MaSV>11250785</MaSV>',2),('2018-04-27 04:16:45','SinhVien','<MaSV>11251043</MaSV>','<MaSV>11251043</MaSV>',2),('2018-04-27 04:16:45','SinhVien','<MaSV>11251158</MaSV>','<MaSV>11251158</MaSV>',2),('2018-04-27 04:16:45','SinhVien','<MaSV>11251842</MaSV>','<MaSV>11251842</MaSV>',2),('2018-04-27 04:16:45','SinhVien','<MaSV>11253131</MaSV>','<MaSV>11253131</MaSV>',2),('2018-04-27 04:16:45','SinhVien','<MaSV>11254052</MaSV>','<MaSV>11254052</MaSV>',2),('2018-04-27 04:16:45','SinhVien','<MaSV>11254145</MaSV>','<MaSV>11254145</MaSV>',2),('2018-04-27 04:16:45','SinhVien','<MaSV>11257326</MaSV>','<MaSV>11257326</MaSV>',2),('2018-04-27 04:16:45','SinhVien','<MaSV>11257782</MaSV>','<MaSV>11257782</MaSV>',2),('2018-04-27 04:16:45','SinhVien','<MaSV>11261005</MaSV>','<MaSV>11261005</MaSV>',2),('2018-04-27 04:16:45','SinhVien','<MaSV>11263116</MaSV>','<MaSV>11263116</MaSV>',2),('2018-04-27 04:16:45','SinhVien','<MaSV>11263740</MaSV>','<MaSV>11263740</MaSV>',2),('2018-04-27 04:16:45','SinhVien','<MaSV>11264466</MaSV>','<MaSV>11264466</MaSV>',2),('2018-04-27 04:16:45','SinhVien','<MaSV>11266548</MaSV>','<MaSV>11266548</MaSV>',2),('2018-04-27 04:16:45','SinhVien','<MaSV>11270257</MaSV>','<MaSV>11270257</MaSV>',2),('2018-04-27 04:16:45','SinhVien','<MaSV>11277475</MaSV>','<MaSV>11277475</MaSV>',2),('2018-04-27 04:16:45','SinhVien','<MaSV>11283409</MaSV>','<MaSV>11283409</MaSV>',2),('2018-04-27 04:16:45','SinhVien','<MaSV>11292002</MaSV>','<MaSV>11292002</MaSV>',2),('2018-04-27 04:16:45','SinhVien','<MaSV>11293372</MaSV>','<MaSV>11293372</MaSV>',2),('2018-04-27 04:16:45','SinhVien','<MaSV>11298540</MaSV>','<MaSV>11298540</MaSV>',2),('2018-04-27 04:16:45','SinhVien','<MaSV>11305945</MaSV>','<MaSV>11305945</MaSV>',2),('2018-04-27 04:16:45','SinhVien','<MaSV>11307244</MaSV>','<MaSV>11307244</MaSV>',2),('2018-04-27 04:16:45','SinhVien','<MaSV>11309427</MaSV>','<MaSV>11309427</MaSV>',2),('2018-04-27 04:16:45','SinhVien','<MaSV>11317752</MaSV>','<MaSV>11317752</MaSV>',2),('2018-04-27 04:16:45','SinhVien','<MaSV>12005001</MaSV>','<MaSV>12005001</MaSV>',2),('2018-04-27 04:16:45','SinhVien','<MaSV>12008091</MaSV>','<MaSV>12008091</MaSV>',2),('2018-04-27 04:16:45','SinhVien','<MaSV>12008785</MaSV>','<MaSV>12008785</MaSV>',2),('2018-04-27 04:16:45','SinhVien','<MaSV>12009080</MaSV>','<MaSV>12009080</MaSV>',2),('2018-04-27 04:16:45','SinhVien','<MaSV>12009876</MaSV>','<MaSV>12009876</MaSV>',2),('2018-04-27 04:16:45','SinhVien','<MaSV>12010643</MaSV>','<MaSV>12010643</MaSV>',2),('2018-04-27 04:16:45','SinhVien','<MaSV>12010661</MaSV>','<MaSV>12010661</MaSV>',2),('2018-04-27 04:16:45','SinhVien','<MaSV>12010745</MaSV>','<MaSV>12010745</MaSV>',2),('2018-04-27 04:16:45','SinhVien','<MaSV>12010867</MaSV>','<MaSV>12010867</MaSV>',2),('2018-04-27 04:16:45','SinhVien','<MaSV>12011084</MaSV>','<MaSV>12011084</MaSV>',2),('2018-04-27 04:16:45','SinhVien','<MaSV>12011198</MaSV>','<MaSV>12011198</MaSV>',2),('2018-04-27 04:16:45','SinhVien','<MaSV>12011355</MaSV>','<MaSV>12011355</MaSV>',2),('2018-04-27 04:16:45','SinhVien','<MaSV>12011444</MaSV>','<MaSV>12011444</MaSV>',2),('2018-04-27 04:16:45','SinhVien','<MaSV>12011585</MaSV>','<MaSV>12011585</MaSV>',2),('2018-04-27 04:16:45','SinhVien','<MaSV>12011714</MaSV>','<MaSV>12011714</MaSV>',2),('2018-04-27 04:16:45','SinhVien','<MaSV>12011822</MaSV>','<MaSV>12011822</MaSV>',2),('2018-04-27 04:16:45','SinhVien','<MaSV>12011923</MaSV>','<MaSV>12011923</MaSV>',2),('2018-04-27 04:16:45','SinhVien','<MaSV>12011962</MaSV>','<MaSV>12011962</MaSV>',2),('2018-04-27 04:16:45','SinhVien','<MaSV>12012040</MaSV>','<MaSV>12012040</MaSV>',2),('2018-04-27 04:16:45','SinhVien','<MaSV>12012067</MaSV>','<MaSV>12012067</MaSV>',2),('2018-04-27 04:16:45','SinhVien','<MaSV>12012258</MaSV>','<MaSV>12012258</MaSV>',2),('2018-04-27 04:16:45','SinhVien','<MaSV>12012524</MaSV>','<MaSV>12012524</MaSV>',2),('2018-04-27 04:16:45','SinhVien','<MaSV>12012612</MaSV>','<MaSV>12012612</MaSV>',2),('2018-04-27 04:16:45','SinhVien','<MaSV>12012678</MaSV>','<MaSV>12012678</MaSV>',2),('2018-04-27 04:16:45','SinhVien','<MaSV>12012726</MaSV>','<MaSV>12012726</MaSV>',2),('2018-04-27 04:16:45','SinhVien','<MaSV>12013060</MaSV>','<MaSV>12013060</MaSV>',2),('2018-04-27 04:16:45','SinhVien','<MaSV>12013444</MaSV>','<MaSV>12013444</MaSV>',2),('2018-04-27 04:16:45','SinhVien','<MaSV>12013447</MaSV>','<MaSV>12013447</MaSV>',2),('2018-04-27 04:16:45','SinhVien','<MaSV>12013471</MaSV>','<MaSV>12013471</MaSV>',2),('2018-04-27 04:16:45','SinhVien','<MaSV>12013520</MaSV>','<MaSV>12013520</MaSV>',2),('2018-04-27 04:16:45','SinhVien','<MaSV>12013744</MaSV>','<MaSV>12013744</MaSV>',2),('2018-04-27 04:16:45','SinhVien','<MaSV>12013783</MaSV>','<MaSV>12013783</MaSV>',2),('2018-04-27 04:16:45','SinhVien','<MaSV>12013889</MaSV>','<MaSV>12013889</MaSV>',2),('2018-04-27 04:16:45','SinhVien','<MaSV>12013899</MaSV>','<MaSV>12013899</MaSV>',2),('2018-04-27 04:16:45','SinhVien','<MaSV>12014049</MaSV>','<MaSV>12014049</MaSV>',2),('2018-04-27 04:16:45','SinhVien','<MaSV>12014067</MaSV>','<MaSV>12014067</MaSV>',2),('2018-04-27 04:16:45','SinhVien','<MaSV>12014594</MaSV>','<MaSV>12014594</MaSV>',2),('2018-04-27 04:16:45','SinhVien','<MaSV>12015099</MaSV>','<MaSV>12015099</MaSV>',2),('2018-04-27 04:16:45','SinhVien','<MaSV>12015155</MaSV>','<MaSV>12015155</MaSV>',2),('2018-04-27 04:16:45','SinhVien','<MaSV>12015665</MaSV>','<MaSV>12015665</MaSV>',2),('2018-04-27 04:16:45','SinhVien','<MaSV>12015673</MaSV>','<MaSV>12015673</MaSV>',2),('2018-04-27 04:16:45','SinhVien','<MaSV>12015731</MaSV>','<MaSV>12015731</MaSV>',2),('2018-04-27 04:16:45','SinhVien','<MaSV>12016386</MaSV>','<MaSV>12016386</MaSV>',2),('2018-04-27 04:16:45','SinhVien','<MaSV>12016453</MaSV>','<MaSV>12016453</MaSV>',2),('2018-04-27 04:16:45','SinhVien','<MaSV>12016622</MaSV>','<MaSV>12016622</MaSV>',2),('2018-04-27 04:16:45','SinhVien','<MaSV>12016775</MaSV>','<MaSV>12016775</MaSV>',2),('2018-04-27 04:16:45','SinhVien','<MaSV>12017405</MaSV>','<MaSV>12017405</MaSV>',2),('2018-04-27 04:16:45','SinhVien','<MaSV>12017477</MaSV>','<MaSV>12017477</MaSV>',2),('2018-04-27 04:16:45','SinhVien','<MaSV>12017543</MaSV>','<MaSV>12017543</MaSV>',2),('2018-04-27 04:16:45','SinhVien','<MaSV>12018005</MaSV>','<MaSV>12018005</MaSV>',2),('2018-04-27 04:16:45','SinhVien','<MaSV>12018165</MaSV>','<MaSV>12018165</MaSV>',2),('2018-04-27 04:16:45','SinhVien','<MaSV>12018223</MaSV>','<MaSV>12018223</MaSV>',2),('2018-04-27 04:16:45','SinhVien','<MaSV>12018532</MaSV>','<MaSV>12018532</MaSV>',2),('2018-04-27 04:16:45','SinhVien','<MaSV>12018840</MaSV>','<MaSV>12018840</MaSV>',2),('2018-04-27 04:16:45','SinhVien','<MaSV>12018842</MaSV>','<MaSV>12018842</MaSV>',2),('2018-04-27 04:16:45','SinhVien','<MaSV>12018907</MaSV>','<MaSV>12018907</MaSV>',2),('2018-04-27 04:16:45','SinhVien','<MaSV>12019025</MaSV>','<MaSV>12019025</MaSV>',2),('2018-04-27 04:16:45','SinhVien','<MaSV>12019033</MaSV>','<MaSV>12019033</MaSV>',2),('2018-04-27 04:16:45','SinhVien','<MaSV>12019298</MaSV>','<MaSV>12019298</MaSV>',2),('2018-04-27 04:16:45','SinhVien','<MaSV>12019368</MaSV>','<MaSV>12019368</MaSV>',2),('2018-04-27 04:16:45','SinhVien','<MaSV>12019470</MaSV>','<MaSV>12019470</MaSV>',2),('2018-04-27 04:16:45','SinhVien','<MaSV>12019474</MaSV>','<MaSV>12019474</MaSV>',2),('2018-04-27 04:16:45','SinhVien','<MaSV>12019598</MaSV>','<MaSV>12019598</MaSV>',2),('2018-04-27 04:16:45','SinhVien','<MaSV>12019678</MaSV>','<MaSV>12019678</MaSV>',2),('2018-04-27 04:16:45','SinhVien','<MaSV>12020469</MaSV>','<MaSV>12020469</MaSV>',2),('2018-04-27 04:16:45','SinhVien','<MaSV>12020635</MaSV>','<MaSV>12020635</MaSV>',2),('2018-04-27 04:16:45','SinhVien','<MaSV>12020720</MaSV>','<MaSV>12020720</MaSV>',2),('2018-04-27 04:16:45','SinhVien','<MaSV>12020757</MaSV>','<MaSV>12020757</MaSV>',2),('2018-04-27 04:16:45','SinhVien','<MaSV>12020781</MaSV>','<MaSV>12020781</MaSV>',2),('2018-04-27 04:16:45','SinhVien','<MaSV>12020864</MaSV>','<MaSV>12020864</MaSV>',2),('2018-04-27 04:16:45','SinhVien','<MaSV>12020937</MaSV>','<MaSV>12020937</MaSV>',2),('2018-04-27 04:16:45','SinhVien','<MaSV>12021749</MaSV>','<MaSV>12021749</MaSV>',2),('2018-04-27 04:16:45','SinhVien','<MaSV>12021912</MaSV>','<MaSV>12021912</MaSV>',2),('2018-04-27 04:16:45','SinhVien','<MaSV>12022180</MaSV>','<MaSV>12022180</MaSV>',2),('2018-04-27 04:16:45','SinhVien','<MaSV>12022331</MaSV>','<MaSV>12022331</MaSV>',2),('2018-04-27 04:16:45','SinhVien','<MaSV>12022407</MaSV>','<MaSV>12022407</MaSV>',2),('2018-04-27 04:16:45','SinhVien','<MaSV>12022646</MaSV>','<MaSV>12022646</MaSV>',2),('2018-04-27 04:16:45','SinhVien','<MaSV>12022654</MaSV>','<MaSV>12022654</MaSV>',2),('2018-04-27 04:16:45','SinhVien','<MaSV>12024196</MaSV>','<MaSV>12024196</MaSV>',2),('2018-04-27 04:16:45','SinhVien','<MaSV>12024340</MaSV>','<MaSV>12024340</MaSV>',2),('2018-04-27 04:16:45','SinhVien','<MaSV>12024436</MaSV>','<MaSV>12024436</MaSV>',2),('2018-04-27 04:16:45','SinhVien','<MaSV>12024831</MaSV>','<MaSV>12024831</MaSV>',2),('2018-04-27 04:16:45','SinhVien','<MaSV>12025072</MaSV>','<MaSV>12025072</MaSV>',2),('2018-04-27 04:16:45','SinhVien','<MaSV>12025362</MaSV>','<MaSV>12025362</MaSV>',2),('2018-04-27 04:16:45','SinhVien','<MaSV>12025399</MaSV>','<MaSV>12025399</MaSV>',2),('2018-04-27 04:16:45','SinhVien','<MaSV>12025431</MaSV>','<MaSV>12025431</MaSV>',2),('2018-04-27 04:16:45','SinhVien','<MaSV>12025932</MaSV>','<MaSV>12025932</MaSV>',2),('2018-04-27 04:16:45','SinhVien','<MaSV>12026112</MaSV>','<MaSV>12026112</MaSV>',2),('2018-04-27 04:16:45','SinhVien','<MaSV>12026586</MaSV>','<MaSV>12026586</MaSV>',2),('2018-04-27 04:16:45','SinhVien','<MaSV>12027028</MaSV>','<MaSV>12027028</MaSV>',2),('2018-04-27 04:16:45','SinhVien','<MaSV>12027313</MaSV>','<MaSV>12027313</MaSV>',2),('2018-04-27 04:16:45','SinhVien','<MaSV>12027543</MaSV>','<MaSV>12027543</MaSV>',2),('2018-04-27 04:16:45','SinhVien','<MaSV>12027555</MaSV>','<MaSV>12027555</MaSV>',2),('2018-04-27 04:16:45','SinhVien','<MaSV>12027585</MaSV>','<MaSV>12027585</MaSV>',2),('2018-04-27 04:16:45','SinhVien','<MaSV>12027627</MaSV>','<MaSV>12027627</MaSV>',2),('2018-04-27 04:16:45','SinhVien','<MaSV>12027639</MaSV>','<MaSV>12027639</MaSV>',2),('2018-04-27 04:16:45','SinhVien','<MaSV>12028250</MaSV>','<MaSV>12028250</MaSV>',2),('2018-04-27 04:16:45','SinhVien','<MaSV>12028527</MaSV>','<MaSV>12028527</MaSV>',2),('2018-04-27 04:16:45','SinhVien','<MaSV>12028672</MaSV>','<MaSV>12028672</MaSV>',2),('2018-04-27 04:16:45','SinhVien','<MaSV>12028738</MaSV>','<MaSV>12028738</MaSV>',2),('2018-04-27 04:16:45','SinhVien','<MaSV>12028951</MaSV>','<MaSV>12028951</MaSV>',2),('2018-04-27 04:16:45','SinhVien','<MaSV>12029243</MaSV>','<MaSV>12029243</MaSV>',2),('2018-04-27 04:16:45','SinhVien','<MaSV>12029267</MaSV>','<MaSV>12029267</MaSV>',2),('2018-04-27 04:16:45','SinhVien','<MaSV>12029572</MaSV>','<MaSV>12029572</MaSV>',2),('2018-04-27 04:16:45','SinhVien','<MaSV>12029964</MaSV>','<MaSV>12029964</MaSV>',2),('2018-04-27 04:16:45','SinhVien','<MaSV>12030182</MaSV>','<MaSV>12030182</MaSV>',2),('2018-04-27 04:16:45','SinhVien','<MaSV>12030321</MaSV>','<MaSV>12030321</MaSV>',2),('2018-04-27 04:16:45','SinhVien','<MaSV>12030516</MaSV>','<MaSV>12030516</MaSV>',2),('2018-04-27 04:16:45','SinhVien','<MaSV>12030547</MaSV>','<MaSV>12030547</MaSV>',2),('2018-04-27 04:16:45','SinhVien','<MaSV>12030743</MaSV>','<MaSV>12030743</MaSV>',2),('2018-04-27 04:16:45','SinhVien','<MaSV>12030804</MaSV>','<MaSV>12030804</MaSV>',2),('2018-04-27 20:05:40','SinhVien','<MaSV>12030928</MaSV>','<MaSV>12030928</MaSV>',2),('2018-04-27 20:05:41','SinhVien','<MaSV>12031101</MaSV>','<MaSV>12031101</MaSV>',2),('2018-04-27 20:05:41','SinhVien','<MaSV>12031247</MaSV>','<MaSV>12031247</MaSV>',2),('2018-04-27 20:05:41','SinhVien','<MaSV>12031383</MaSV>','<MaSV>12031383</MaSV>',2),('2018-04-27 20:05:41','SinhVien','<MaSV>12031486</MaSV>','<MaSV>12031486</MaSV>',2),('2018-04-27 20:05:41','SinhVien','<MaSV>12031623</MaSV>','<MaSV>12031623</MaSV>',2),('2018-04-27 20:05:41','SinhVien','<MaSV>12031887</MaSV>','<MaSV>12031887</MaSV>',2),('2018-04-27 20:05:41','SinhVien','<MaSV>12032513</MaSV>','<MaSV>12032513</MaSV>',2),('2018-04-27 20:05:41','SinhVien','<MaSV>12032577</MaSV>','<MaSV>12032577</MaSV>',2),('2018-04-27 20:05:41','SinhVien','<MaSV>12032791</MaSV>','<MaSV>12032791</MaSV>',2),('2018-04-27 20:05:41','SinhVien','<MaSV>12032988</MaSV>','<MaSV>12032988</MaSV>',2),('2018-04-27 20:05:41','SinhVien','<MaSV>12033014</MaSV>','<MaSV>12033014</MaSV>',2),('2018-04-27 20:05:41','SinhVien','<MaSV>12033155</MaSV>','<MaSV>12033155</MaSV>',2),('2018-04-27 20:05:41','SinhVien','<MaSV>12033164</MaSV>','<MaSV>12033164</MaSV>',2),('2018-04-27 20:05:41','SinhVien','<MaSV>12033706</MaSV>','<MaSV>12033706</MaSV>',2),('2018-04-27 20:05:41','SinhVien','<MaSV>12034003</MaSV>','<MaSV>12034003</MaSV>',2),('2018-04-27 20:05:41','SinhVien','<MaSV>12034077</MaSV>','<MaSV>12034077</MaSV>',2),('2018-04-27 20:05:41','SinhVien','<MaSV>12034262</MaSV>','<MaSV>12034262</MaSV>',2),('2018-04-27 20:05:41','SinhVien','<MaSV>12034284</MaSV>','<MaSV>12034284</MaSV>',2),('2018-04-27 20:05:41','SinhVien','<MaSV>12034529</MaSV>','<MaSV>12034529</MaSV>',2),('2018-04-27 20:05:41','SinhVien','<MaSV>12034559</MaSV>','<MaSV>12034559</MaSV>',2),('2018-04-27 20:05:41','SinhVien','<MaSV>12034967</MaSV>','<MaSV>12034967</MaSV>',2),('2018-04-27 20:05:41','SinhVien','<MaSV>12035275</MaSV>','<MaSV>12035275</MaSV>',2),('2018-04-27 20:05:41','SinhVien','<MaSV>12035277</MaSV>','<MaSV>12035277</MaSV>',2),('2018-04-27 20:05:41','SinhVien','<MaSV>12035369</MaSV>','<MaSV>12035369</MaSV>',2),('2018-04-27 20:05:41','SinhVien','<MaSV>12035562</MaSV>','<MaSV>12035562</MaSV>',2),('2018-04-27 20:05:41','SinhVien','<MaSV>12035831</MaSV>','<MaSV>12035831</MaSV>',2),('2018-04-27 20:05:41','SinhVien','<MaSV>12035924</MaSV>','<MaSV>12035924</MaSV>',2),('2018-04-27 20:05:41','SinhVien','<MaSV>12035956</MaSV>','<MaSV>12035956</MaSV>',2),('2018-04-27 20:05:41','SinhVien','<MaSV>12036431</MaSV>','<MaSV>12036431</MaSV>',2),('2018-04-27 20:05:41','SinhVien','<MaSV>12037178</MaSV>','<MaSV>12037178</MaSV>',2),('2018-04-27 20:05:41','SinhVien','<MaSV>12037329</MaSV>','<MaSV>12037329</MaSV>',2),('2018-04-27 20:05:41','SinhVien','<MaSV>12037535</MaSV>','<MaSV>12037535</MaSV>',2),('2018-04-27 20:05:41','SinhVien','<MaSV>12038445</MaSV>','<MaSV>12038445</MaSV>',2),('2018-04-27 20:05:41','SinhVien','<MaSV>12039589</MaSV>','<MaSV>12039589</MaSV>',2),('2018-04-27 20:05:41','SinhVien','<MaSV>12041072</MaSV>','<MaSV>12041072</MaSV>',2),('2018-04-27 20:05:41','SinhVien','<MaSV>12041323</MaSV>','<MaSV>12041323</MaSV>',2),('2018-04-27 20:05:41','SinhVien','<MaSV>12041713</MaSV>','<MaSV>12041713</MaSV>',2),('2018-04-27 20:05:41','SinhVien','<MaSV>12041969</MaSV>','<MaSV>12041969</MaSV>',2),('2018-04-27 20:05:41','SinhVien','<MaSV>12043444</MaSV>','<MaSV>12043444</MaSV>',2),('2018-04-27 20:05:41','SinhVien','<MaSV>12045367</MaSV>','<MaSV>12045367</MaSV>',2),('2018-04-27 20:05:41','SinhVien','<MaSV>12046245</MaSV>','<MaSV>12046245</MaSV>',2),('2018-04-27 20:05:41','SinhVien','<MaSV>12051346</MaSV>','<MaSV>12051346</MaSV>',2),('2018-04-27 20:05:41','SinhVien','<MaSV>12054342</MaSV>','<MaSV>12054342</MaSV>',2),('2018-04-27 20:05:41','SinhVien','<MaSV>12054832</MaSV>','<MaSV>12054832</MaSV>',2),('2018-04-27 20:05:41','SinhVien','<MaSV>12054928</MaSV>','<MaSV>12054928</MaSV>',2),('2018-04-27 20:05:41','SinhVien','<MaSV>12055024</MaSV>','<MaSV>12055024</MaSV>',2),('2018-04-27 20:05:41','SinhVien','<MaSV>12055029</MaSV>','<MaSV>12055029</MaSV>',2),('2018-04-27 20:05:41','SinhVien','<MaSV>12055058</MaSV>','<MaSV>12055058</MaSV>',2),('2018-04-27 20:05:41','SinhVien','<MaSV>12055123</MaSV>','<MaSV>12055123</MaSV>',2),('2018-04-27 20:05:41','SinhVien','<MaSV>12055354</MaSV>','<MaSV>12055354</MaSV>',2),('2018-04-27 20:05:41','SinhVien','<MaSV>12055623</MaSV>','<MaSV>12055623</MaSV>',2),('2018-04-27 20:05:41','SinhVien','<MaSV>12055646</MaSV>','<MaSV>12055646</MaSV>',2),('2018-04-27 20:05:41','SinhVien','<MaSV>12056617</MaSV>','<MaSV>12056617</MaSV>',2),('2018-04-27 20:05:41','SinhVien','<MaSV>12056910</MaSV>','<MaSV>12056910</MaSV>',2),('2018-04-27 20:05:41','SinhVien','<MaSV>12056941</MaSV>','<MaSV>12056941</MaSV>',2),('2018-04-27 20:05:41','SinhVien','<MaSV>12056946</MaSV>','<MaSV>12056946</MaSV>',2),('2018-04-27 20:05:41','SinhVien','<MaSV>12057345</MaSV>','<MaSV>12057345</MaSV>',2),('2018-04-27 20:05:41','SinhVien','<MaSV>12057441</MaSV>','<MaSV>12057441</MaSV>',2),('2018-04-27 20:05:41','SinhVien','<MaSV>12057496</MaSV>','<MaSV>12057496</MaSV>',2),('2018-04-27 20:05:41','SinhVien','<MaSV>12057616</MaSV>','<MaSV>12057616</MaSV>',2),('2018-04-27 20:05:41','SinhVien','<MaSV>12057658</MaSV>','<MaSV>12057658</MaSV>',2),('2018-04-27 20:05:41','SinhVien','<MaSV>12057996</MaSV>','<MaSV>12057996</MaSV>',2),('2018-04-27 20:05:41','SinhVien','<MaSV>12058042</MaSV>','<MaSV>12058042</MaSV>',2),('2018-04-27 20:05:41','SinhVien','<MaSV>12058430</MaSV>','<MaSV>12058430</MaSV>',2),('2018-04-27 20:05:41','SinhVien','<MaSV>12058529</MaSV>','<MaSV>12058529</MaSV>',2),('2018-04-27 20:05:41','SinhVien','<MaSV>12058543</MaSV>','<MaSV>12058543</MaSV>',2),('2018-04-27 20:05:41','SinhVien','<MaSV>12058712</MaSV>','<MaSV>12058712</MaSV>',2),('2018-04-27 20:05:41','SinhVien','<MaSV>12059516</MaSV>','<MaSV>12059516</MaSV>',2),('2018-04-27 20:05:41','SinhVien','<MaSV>12060014</MaSV>','<MaSV>12060014</MaSV>',2),('2018-04-27 20:05:41','SinhVien','<MaSV>12061126</MaSV>','<MaSV>12061126</MaSV>',2),('2018-04-27 20:05:41','SinhVien','<MaSV>12063531</MaSV>','<MaSV>12063531</MaSV>',2),('2018-04-27 20:09:36','SinhVien','<MaSV>12063889</MaSV>','<MaSV>12063889</MaSV>',2),('2018-04-27 20:09:36','SinhVien','<MaSV>12065739</MaSV>','<MaSV>12065739</MaSV>',2),('2018-04-27 20:09:36','SinhVien','<MaSV>12066050</MaSV>','<MaSV>12066050</MaSV>',2),('2018-04-27 20:09:36','SinhVien','<MaSV>12066612</MaSV>','<MaSV>12066612</MaSV>',2),('2018-04-27 20:09:36','SinhVien','<MaSV>12066798</MaSV>','<MaSV>12066798</MaSV>',2),('2018-04-27 20:09:36','SinhVien','<MaSV>12068161</MaSV>','<MaSV>12068161</MaSV>',2),('2018-04-27 20:09:36','SinhVien','<MaSV>12069295</MaSV>','<MaSV>12069295</MaSV>',2),('2018-04-27 20:09:36','SinhVien','<MaSV>12070630</MaSV>','<MaSV>12070630</MaSV>',2),('2018-04-27 20:09:36','SinhVien','<MaSV>12072007</MaSV>','<MaSV>12072007</MaSV>',2),('2018-04-27 20:09:36','SinhVien','<MaSV>12072420</MaSV>','<MaSV>12072420</MaSV>',2),('2018-04-27 20:09:36','SinhVien','<MaSV>12072790</MaSV>','<MaSV>12072790</MaSV>',2),('2018-04-27 20:09:36','SinhVien','<MaSV>12072871</MaSV>','<MaSV>12072871</MaSV>',2),('2018-04-27 20:09:36','SinhVien','<MaSV>12073558</MaSV>','<MaSV>12073558</MaSV>',2),('2018-04-27 20:09:36','SinhVien','<MaSV>12073644</MaSV>','<MaSV>12073644</MaSV>',2),('2018-04-27 20:09:36','SinhVien','<MaSV>12074087</MaSV>','<MaSV>12074087</MaSV>',2),('2018-04-27 20:09:36','SinhVien','<MaSV>12074621</MaSV>','<MaSV>12074621</MaSV>',2),('2018-04-27 20:09:36','SinhVien','<MaSV>12075093</MaSV>','<MaSV>12075093</MaSV>',2),('2018-04-27 20:09:36','SinhVien','<MaSV>12075184</MaSV>','<MaSV>12075184</MaSV>',2),('2018-04-27 20:09:36','SinhVien','<MaSV>12076813</MaSV>','<MaSV>12076813</MaSV>',2),('2018-04-27 20:09:36','SinhVien','<MaSV>12076860</MaSV>','<MaSV>12076860</MaSV>',2),('2018-04-27 20:09:36','SinhVien','<MaSV>12076961</MaSV>','<MaSV>12076961</MaSV>',2),('2018-04-27 20:09:36','SinhVien','<MaSV>12076974</MaSV>','<MaSV>12076974</MaSV>',2),('2018-04-27 20:09:36','SinhVien','<MaSV>12077071</MaSV>','<MaSV>12077071</MaSV>',2),('2018-04-27 20:09:36','SinhVien','<MaSV>12077908</MaSV>','<MaSV>12077908</MaSV>',2),('2018-04-27 20:09:36','SinhVien','<MaSV>12077982</MaSV>','<MaSV>12077982</MaSV>',2),('2018-04-27 20:09:36','SinhVien','<MaSV>12078820</MaSV>','<MaSV>12078820</MaSV>',2),('2018-04-27 20:09:36','SinhVien','<MaSV>12078998</MaSV>','<MaSV>12078998</MaSV>',2),('2018-04-27 20:09:36','SinhVien','<MaSV>12079321</MaSV>','<MaSV>12079321</MaSV>',2),('2018-04-27 20:09:36','SinhVien','<MaSV>12079827</MaSV>','<MaSV>12079827</MaSV>',2),('2018-04-27 20:09:36','SinhVien','<MaSV>12080811</MaSV>','<MaSV>12080811</MaSV>',2),('2018-04-27 20:09:36','SinhVien','<MaSV>12081263</MaSV>','<MaSV>12081263</MaSV>',2),('2018-04-27 20:09:36','SinhVien','<MaSV>12081600</MaSV>','<MaSV>12081600</MaSV>',2),('2018-04-27 20:09:36','SinhVien','<MaSV>12083969</MaSV>','<MaSV>12083969</MaSV>',2),('2018-04-27 20:09:36','SinhVien','<MaSV>12084117</MaSV>','<MaSV>12084117</MaSV>',2),('2018-04-27 20:09:36','SinhVien','<MaSV>12085579</MaSV>','<MaSV>12085579</MaSV>',2),('2018-04-27 20:09:36','SinhVien','<MaSV>12089642</MaSV>','<MaSV>12089642</MaSV>',2),('2018-04-27 20:09:36','SinhVien','<MaSV>12094370</MaSV>','<MaSV>12094370</MaSV>',2),('2018-04-27 20:09:36','SinhVien','<MaSV>12098824</MaSV>','<MaSV>12098824</MaSV>',2),('2018-04-27 20:09:36','SinhVien','<MaSV>12102252</MaSV>','<MaSV>12102252</MaSV>',2),('2018-04-27 20:09:36','SinhVien','<MaSV>12107762</MaSV>','<MaSV>12107762</MaSV>',2),('2018-04-27 20:09:36','SinhVien','<MaSV>12110565</MaSV>','<MaSV>12110565</MaSV>',2),('2018-04-27 20:09:36','SinhVien','<MaSV>12117238</MaSV>','<MaSV>12117238</MaSV>',2),('2018-04-27 20:09:36','SinhVien','<MaSV>12124239</MaSV>','<MaSV>12124239</MaSV>',2),('2018-04-27 20:09:36','SinhVien','<MaSV>12124459</MaSV>','<MaSV>12124459</MaSV>',2),('2018-04-27 20:09:36','SinhVien','<MaSV>12125509</MaSV>','<MaSV>12125509</MaSV>',2),('2018-04-27 20:09:36','SinhVien','<MaSV>12125565</MaSV>','<MaSV>12125565</MaSV>',2),('2018-04-27 20:09:36','SinhVien','<MaSV>12125660</MaSV>','<MaSV>12125660</MaSV>',2),('2018-04-27 20:09:36','SinhVien','<MaSV>12125664</MaSV>','<MaSV>12125664</MaSV>',2),('2018-04-27 20:09:36','SinhVien','<MaSV>12126102</MaSV>','<MaSV>12126102</MaSV>',2),('2018-04-27 20:09:36','SinhVien','<MaSV>12126199</MaSV>','<MaSV>12126199</MaSV>',2),('2018-04-27 20:09:36','SinhVien','<MaSV>12126289</MaSV>','<MaSV>12126289</MaSV>',2),('2018-04-27 20:09:36','SinhVien','<MaSV>12126626</MaSV>','<MaSV>12126626</MaSV>',2),('2018-04-27 20:09:36','SinhVien','<MaSV>12127250</MaSV>','<MaSV>12127250</MaSV>',2),('2018-04-27 20:09:36','SinhVien','<MaSV>12129221</MaSV>','<MaSV>12129221</MaSV>',2),('2018-04-27 20:09:36','SinhVien','<MaSV>12129616</MaSV>','<MaSV>12129616</MaSV>',2),('2018-04-27 20:09:36','SinhVien','<MaSV>12131227</MaSV>','<MaSV>12131227</MaSV>',2),('2018-04-27 20:09:36','SinhVien','<MaSV>12132423</MaSV>','<MaSV>12132423</MaSV>',2),('2018-04-27 20:09:36','SinhVien','<MaSV>12132581</MaSV>','<MaSV>12132581</MaSV>',2),('2018-04-27 20:09:36','SinhVien','<MaSV>12132643</MaSV>','<MaSV>12132643</MaSV>',2),('2018-04-27 20:09:36','SinhVien','<MaSV>12133030</MaSV>','<MaSV>12133030</MaSV>',2),('2018-04-27 20:09:36','SinhVien','<MaSV>12134548</MaSV>','<MaSV>12134548</MaSV>',2),('2018-04-27 20:09:36','SinhVien','<MaSV>12135483</MaSV>','<MaSV>12135483</MaSV>',2),('2018-04-27 20:09:36','SinhVien','<MaSV>12136854</MaSV>','<MaSV>12136854</MaSV>',2),('2018-04-27 20:09:36','SinhVien','<MaSV>12136899</MaSV>','<MaSV>12136899</MaSV>',2),('2018-04-27 20:09:36','SinhVien','<MaSV>12137201</MaSV>','<MaSV>12137201</MaSV>',2),('2018-04-27 20:09:36','SinhVien','<MaSV>12139028</MaSV>','<MaSV>12139028</MaSV>',2),('2018-04-27 20:09:36','SinhVien','<MaSV>12139683</MaSV>','<MaSV>12139683</MaSV>',2),('2018-04-27 20:09:36','SinhVien','<MaSV>12140756</MaSV>','<MaSV>12140756</MaSV>',2),('2018-04-27 20:09:36','SinhVien','<MaSV>12143400</MaSV>','<MaSV>12143400</MaSV>',2),('2018-04-27 20:09:36','SinhVien','<MaSV>12145340</MaSV>','<MaSV>12145340</MaSV>',2),('2018-04-27 20:09:36','SinhVien','<MaSV>12145611</MaSV>','<MaSV>12145611</MaSV>',2),('2018-04-27 20:09:36','SinhVien','<MaSV>12146824</MaSV>','<MaSV>12146824</MaSV>',2),('2018-04-27 20:19:51','SinhVien','<MaSV>12147930</MaSV>','<MaSV>12147930</MaSV>',2),('2018-04-27 20:19:51','SinhVien','<MaSV>12149614</MaSV>','<MaSV>12149614</MaSV>',2),('2018-04-27 20:19:51','SinhVien','<MaSV>12150285</MaSV>','<MaSV>12150285</MaSV>',2),('2018-04-27 20:19:51','SinhVien','<MaSV>12150366</MaSV>','<MaSV>12150366</MaSV>',2),('2018-04-27 20:19:51','SinhVien','<MaSV>12151010</MaSV>','<MaSV>12151010</MaSV>',2),('2018-04-27 20:19:51','SinhVien','<MaSV>12151263</MaSV>','<MaSV>12151263</MaSV>',2),('2018-04-27 20:19:51','SinhVien','<MaSV>12152397</MaSV>','<MaSV>12152397</MaSV>',2),('2018-04-27 20:19:51','SinhVien','<MaSV>12154288</MaSV>','<MaSV>12154288</MaSV>',2),('2018-04-27 20:19:51','SinhVien','<MaSV>13008262</MaSV>','<MaSV>13008262</MaSV>',2),('2018-04-27 20:19:51','SinhVien','<MaSV>13008473</MaSV>','<MaSV>13008473</MaSV>',2),('2018-04-27 20:19:51','SinhVien','<MaSV>13008474</MaSV>','<MaSV>13008474</MaSV>',2),('2018-04-27 20:19:51','SinhVien','<MaSV>13009042</MaSV>','<MaSV>13009042</MaSV>',2),('2018-04-27 20:19:51','SinhVien','<MaSV>13009063</MaSV>','<MaSV>13009063</MaSV>',2),('2018-04-27 20:19:51','SinhVien','<MaSV>13009293</MaSV>','<MaSV>13009293</MaSV>',2),('2018-04-27 20:19:51','SinhVien','<MaSV>13009317</MaSV>','<MaSV>13009317</MaSV>',2),('2018-04-27 20:19:51','SinhVien','<MaSV>13009531</MaSV>','<MaSV>13009531</MaSV>',2),('2018-04-27 20:19:51','SinhVien','<MaSV>13009793</MaSV>','<MaSV>13009793</MaSV>',2),('2018-04-27 20:19:51','SinhVien','<MaSV>13009809</MaSV>','<MaSV>13009809</MaSV>',2),('2018-04-27 20:19:51','SinhVien','<MaSV>13009897</MaSV>','<MaSV>13009897</MaSV>',2),('2018-04-27 20:19:51','SinhVien','<MaSV>13009969</MaSV>','<MaSV>13009969</MaSV>',2),('2018-04-27 20:19:51','SinhVien','<MaSV>13010014</MaSV>','<MaSV>13010014</MaSV>',2),('2018-04-27 20:19:51','SinhVien','<MaSV>13010321</MaSV>','<MaSV>13010321</MaSV>',2),('2018-04-27 20:19:51','SinhVien','<MaSV>13010468</MaSV>','<MaSV>13010468</MaSV>',2),('2018-04-27 20:19:51','SinhVien','<MaSV>13010726</MaSV>','<MaSV>13010726</MaSV>',2),('2018-04-27 20:19:51','SinhVien','<MaSV>13010728</MaSV>','<MaSV>13010728</MaSV>',2),('2018-04-27 20:19:51','SinhVien','<MaSV>13010768</MaSV>','<MaSV>13010768</MaSV>',2),('2018-04-27 20:19:51','SinhVien','<MaSV>13010797</MaSV>','<MaSV>13010797</MaSV>',2),('2018-04-27 20:19:51','SinhVien','<MaSV>13010943</MaSV>','<MaSV>13010943</MaSV>',2),('2018-04-27 20:19:51','SinhVien','<MaSV>13010975</MaSV>','<MaSV>13010975</MaSV>',2),('2018-04-27 20:19:51','SinhVien','<MaSV>13011316</MaSV>','<MaSV>13011316</MaSV>',2),('2018-04-27 20:19:51','SinhVien','<MaSV>13011472</MaSV>','<MaSV>13011472</MaSV>',2),('2018-04-27 20:19:51','SinhVien','<MaSV>13011487</MaSV>','<MaSV>13011487</MaSV>',2),('2018-04-27 20:19:51','SinhVien','<MaSV>13011576</MaSV>','<MaSV>13011576</MaSV>',2),('2018-04-27 20:19:51','SinhVien','<MaSV>13011622</MaSV>','<MaSV>13011622</MaSV>',2),('2018-04-27 20:19:51','SinhVien','<MaSV>13011950</MaSV>','<MaSV>13011950</MaSV>',2),('2018-04-27 20:19:51','SinhVien','<MaSV>13012085</MaSV>','<MaSV>13012085</MaSV>',2),('2018-04-27 20:19:51','SinhVien','<MaSV>13012273</MaSV>','<MaSV>13012273</MaSV>',2),('2018-04-27 20:19:51','SinhVien','<MaSV>13012343</MaSV>','<MaSV>13012343</MaSV>',2),('2018-04-27 20:19:51','SinhVien','<MaSV>13012389</MaSV>','<MaSV>13012389</MaSV>',2),('2018-04-27 20:19:51','SinhVien','<MaSV>13012445</MaSV>','<MaSV>13012445</MaSV>',2),('2018-04-27 20:19:51','SinhVien','<MaSV>13012556</MaSV>','<MaSV>13012556</MaSV>',2),('2018-04-27 20:19:51','SinhVien','<MaSV>13012565</MaSV>','<MaSV>13012565</MaSV>',2),('2018-04-27 20:19:51','SinhVien','<MaSV>13012679</MaSV>','<MaSV>13012679</MaSV>',2),('2018-04-27 20:19:51','SinhVien','<MaSV>13012750</MaSV>','<MaSV>13012750</MaSV>',2),('2018-04-27 20:19:51','SinhVien','<MaSV>13012917</MaSV>','<MaSV>13012917</MaSV>',2),('2018-04-27 20:19:51','SinhVien','<MaSV>13013017</MaSV>','<MaSV>13013017</MaSV>',2),('2018-04-27 20:19:51','SinhVien','<MaSV>13013034</MaSV>','<MaSV>13013034</MaSV>',2),('2018-04-27 20:19:51','SinhVien','<MaSV>13013167</MaSV>','<MaSV>13013167</MaSV>',2),('2018-04-27 20:19:51','SinhVien','<MaSV>13013238</MaSV>','<MaSV>13013238</MaSV>',2),('2018-04-27 20:19:51','SinhVien','<MaSV>13013360</MaSV>','<MaSV>13013360</MaSV>',2),('2018-04-27 20:19:51','SinhVien','<MaSV>13013363</MaSV>','<MaSV>13013363</MaSV>',2),('2018-04-27 20:19:51','SinhVien','<MaSV>13013662</MaSV>','<MaSV>13013662</MaSV>',2),('2018-04-27 20:19:51','SinhVien','<MaSV>13013983</MaSV>','<MaSV>13013983</MaSV>',2),('2018-04-27 20:19:51','SinhVien','<MaSV>13014439</MaSV>','<MaSV>13014439</MaSV>',2),('2018-04-27 20:19:51','SinhVien','<MaSV>13014456</MaSV>','<MaSV>13014456</MaSV>',2),('2018-04-27 20:19:51','SinhVien','<MaSV>13014495</MaSV>','<MaSV>13014495</MaSV>',2),('2018-04-27 20:19:51','SinhVien','<MaSV>13014583</MaSV>','<MaSV>13014583</MaSV>',2),('2018-04-27 20:19:51','SinhVien','<MaSV>13014591</MaSV>','<MaSV>13014591</MaSV>',2),('2018-04-27 20:19:51','SinhVien','<MaSV>13014707</MaSV>','<MaSV>13014707</MaSV>',2),('2018-04-27 20:19:51','SinhVien','<MaSV>13014974</MaSV>','<MaSV>13014974</MaSV>',2),('2018-04-27 20:19:51','SinhVien','<MaSV>13015218</MaSV>','<MaSV>13015218</MaSV>',2),('2018-04-27 20:19:51','SinhVien','<MaSV>13015391</MaSV>','<MaSV>13015391</MaSV>',2),('2018-04-27 20:19:51','SinhVien','<MaSV>13015609</MaSV>','<MaSV>13015609</MaSV>',2),('2018-04-27 20:19:51','SinhVien','<MaSV>13015982</MaSV>','<MaSV>13015982</MaSV>',2),('2018-04-27 20:19:51','SinhVien','<MaSV>13015989</MaSV>','<MaSV>13015989</MaSV>',2),('2018-04-27 20:19:51','SinhVien','<MaSV>13015999</MaSV>','<MaSV>13015999</MaSV>',2),('2018-04-27 20:19:51','SinhVien','<MaSV>13016502</MaSV>','<MaSV>13016502</MaSV>',2),('2018-04-27 20:19:51','SinhVien','<MaSV>13016692</MaSV>','<MaSV>13016692</MaSV>',2),('2018-04-27 20:19:51','SinhVien','<MaSV>13016788</MaSV>','<MaSV>13016788</MaSV>',2),('2018-04-27 20:19:51','SinhVien','<MaSV>13016820</MaSV>','<MaSV>13016820</MaSV>',2),('2018-04-27 20:19:51','SinhVien','<MaSV>13017024</MaSV>','<MaSV>13017024</MaSV>',2),('2018-04-27 20:19:51','SinhVien','<MaSV>13017096</MaSV>','<MaSV>13017096</MaSV>',2),('2018-04-27 20:19:51','SinhVien','<MaSV>13017197</MaSV>','<MaSV>13017197</MaSV>',2),('2018-04-27 20:19:51','SinhVien','<MaSV>13017500</MaSV>','<MaSV>13017500</MaSV>',2),('2018-04-27 20:19:51','SinhVien','<MaSV>13017648</MaSV>','<MaSV>13017648</MaSV>',2),('2018-04-27 20:19:51','SinhVien','<MaSV>13018074</MaSV>','<MaSV>13018074</MaSV>',2),('2018-04-27 20:19:51','SinhVien','<MaSV>13018092</MaSV>','<MaSV>13018092</MaSV>',2),('2018-04-27 20:19:51','SinhVien','<MaSV>13018180</MaSV>','<MaSV>13018180</MaSV>',2),('2018-04-27 20:19:51','SinhVien','<MaSV>13018235</MaSV>','<MaSV>13018235</MaSV>',2),('2018-04-27 20:19:51','SinhVien','<MaSV>13018432</MaSV>','<MaSV>13018432</MaSV>',2),('2018-04-27 20:19:51','SinhVien','<MaSV>13018449</MaSV>','<MaSV>13018449</MaSV>',2),('2018-04-27 20:19:51','SinhVien','<MaSV>13018512</MaSV>','<MaSV>13018512</MaSV>',2),('2018-04-27 20:19:51','SinhVien','<MaSV>13018514</MaSV>','<MaSV>13018514</MaSV>',2),('2018-04-27 20:19:51','SinhVien','<MaSV>13018854</MaSV>','<MaSV>13018854</MaSV>',2),('2018-04-27 20:19:51','SinhVien','<MaSV>13019275</MaSV>','<MaSV>13019275</MaSV>',2),('2018-04-27 20:19:51','SinhVien','<MaSV>13019276</MaSV>','<MaSV>13019276</MaSV>',2),('2018-04-27 20:19:51','SinhVien','<MaSV>13019329</MaSV>','<MaSV>13019329</MaSV>',2),('2018-04-27 20:19:51','SinhVien','<MaSV>13019767</MaSV>','<MaSV>13019767</MaSV>',2),('2018-04-27 20:19:51','SinhVien','<MaSV>13020176</MaSV>','<MaSV>13020176</MaSV>',2),('2018-04-27 20:19:51','SinhVien','<MaSV>13020200</MaSV>','<MaSV>13020200</MaSV>',2),('2018-04-27 20:19:51','SinhVien','<MaSV>13020244</MaSV>','<MaSV>13020244</MaSV>',2),('2018-04-27 20:19:51','SinhVien','<MaSV>13020604</MaSV>','<MaSV>13020604</MaSV>',2),('2018-04-27 20:19:51','SinhVien','<MaSV>13020675</MaSV>','<MaSV>13020675</MaSV>',2),('2018-04-27 20:19:51','SinhVien','<MaSV>13020893</MaSV>','<MaSV>13020893</MaSV>',2),('2018-04-27 20:19:51','SinhVien','<MaSV>13020944</MaSV>','<MaSV>13020944</MaSV>',2),('2018-04-27 20:19:51','SinhVien','<MaSV>13020945</MaSV>','<MaSV>13020945</MaSV>',2),('2018-04-27 20:19:51','SinhVien','<MaSV>13021023</MaSV>','<MaSV>13021023</MaSV>',2),('2018-04-27 20:19:51','SinhVien','<MaSV>13021269</MaSV>','<MaSV>13021269</MaSV>',2),('2018-04-27 20:19:51','SinhVien','<MaSV>13021301</MaSV>','<MaSV>13021301</MaSV>',2),('2018-04-27 20:19:51','SinhVien','<MaSV>13021465</MaSV>','<MaSV>13021465</MaSV>',2),('2018-04-27 20:19:51','SinhVien','<MaSV>13021745</MaSV>','<MaSV>13021745</MaSV>',2),('2018-04-27 20:19:51','SinhVien','<MaSV>13021956</MaSV>','<MaSV>13021956</MaSV>',2),('2018-04-27 20:19:51','SinhVien','<MaSV>13022345</MaSV>','<MaSV>13022345</MaSV>',2),('2018-04-27 20:19:51','SinhVien','<MaSV>13022576</MaSV>','<MaSV>13022576</MaSV>',2),('2018-04-27 20:19:51','SinhVien','<MaSV>13022736</MaSV>','<MaSV>13022736</MaSV>',2),('2018-04-27 20:19:51','SinhVien','<MaSV>13022769</MaSV>','<MaSV>13022769</MaSV>',2),('2018-04-27 20:19:51','SinhVien','<MaSV>13022805</MaSV>','<MaSV>13022805</MaSV>',2),('2018-04-27 20:19:51','SinhVien','<MaSV>13023045</MaSV>','<MaSV>13023045</MaSV>',2),('2018-04-27 20:19:51','SinhVien','<MaSV>13023079</MaSV>','<MaSV>13023079</MaSV>',2),('2018-04-27 20:19:51','SinhVien','<MaSV>13023325</MaSV>','<MaSV>13023325</MaSV>',2),('2018-04-27 20:19:51','SinhVien','<MaSV>13023425</MaSV>','<MaSV>13023425</MaSV>',2),('2018-04-27 20:19:51','SinhVien','<MaSV>13023432</MaSV>','<MaSV>13023432</MaSV>',2),('2018-04-27 20:19:51','SinhVien','<MaSV>13023749</MaSV>','<MaSV>13023749</MaSV>',2),('2018-04-27 20:19:51','SinhVien','<MaSV>13024059</MaSV>','<MaSV>13024059</MaSV>',2),('2018-04-27 20:19:51','SinhVien','<MaSV>13024171</MaSV>','<MaSV>13024171</MaSV>',2),('2018-04-27 20:19:51','SinhVien','<MaSV>13024201</MaSV>','<MaSV>13024201</MaSV>',2),('2018-04-27 20:19:51','SinhVien','<MaSV>13024231</MaSV>','<MaSV>13024231</MaSV>',2),('2018-04-27 20:19:51','SinhVien','<MaSV>13024349</MaSV>','<MaSV>13024349</MaSV>',2),('2018-04-27 20:19:51','SinhVien','<MaSV>13024432</MaSV>','<MaSV>13024432</MaSV>',2),('2018-04-27 20:19:51','SinhVien','<MaSV>13024695</MaSV>','<MaSV>13024695</MaSV>',2),('2018-04-27 20:19:51','SinhVien','<MaSV>13024822</MaSV>','<MaSV>13024822</MaSV>',2),('2018-04-27 20:19:51','SinhVien','<MaSV>13024848</MaSV>','<MaSV>13024848</MaSV>',2),('2018-04-27 20:19:51','SinhVien','<MaSV>13025055</MaSV>','<MaSV>13025055</MaSV>',2),('2018-04-27 20:19:51','SinhVien','<MaSV>13025699</MaSV>','<MaSV>13025699</MaSV>',2),('2018-04-27 20:19:51','SinhVien','<MaSV>13025992</MaSV>','<MaSV>13025992</MaSV>',2),('2018-04-27 20:19:51','SinhVien','<MaSV>13026485</MaSV>','<MaSV>13026485</MaSV>',2),('2018-04-27 20:19:51','SinhVien','<MaSV>13027086</MaSV>','<MaSV>13027086</MaSV>',2),('2018-04-27 20:19:51','SinhVien','<MaSV>13027190</MaSV>','<MaSV>13027190</MaSV>',2),('2018-04-27 20:19:51','SinhVien','<MaSV>13027277</MaSV>','<MaSV>13027277</MaSV>',2),('2018-04-27 20:19:51','SinhVien','<MaSV>13027552</MaSV>','<MaSV>13027552</MaSV>',2),('2018-04-27 20:19:51','SinhVien','<MaSV>13027618</MaSV>','<MaSV>13027618</MaSV>',2),('2018-04-27 20:19:51','SinhVien','<MaSV>13027939</MaSV>','<MaSV>13027939</MaSV>',2),('2018-04-27 20:19:51','SinhVien','<MaSV>13027986</MaSV>','<MaSV>13027986</MaSV>',2),('2018-04-27 20:19:51','SinhVien','<MaSV>13028054</MaSV>','<MaSV>13028054</MaSV>',2),('2018-04-27 20:19:51','SinhVien','<MaSV>13028073</MaSV>','<MaSV>13028073</MaSV>',2),('2018-04-27 20:19:51','SinhVien','<MaSV>13028254</MaSV>','<MaSV>13028254</MaSV>',2),('2018-04-27 20:19:51','SinhVien','<MaSV>13028608</MaSV>','<MaSV>13028608</MaSV>',2),('2018-04-27 20:19:51','SinhVien','<MaSV>13029080</MaSV>','<MaSV>13029080</MaSV>',2),('2018-04-27 20:19:51','SinhVien','<MaSV>13029134</MaSV>','<MaSV>13029134</MaSV>',2),('2018-04-27 20:19:51','SinhVien','<MaSV>13029190</MaSV>','<MaSV>13029190</MaSV>',2),('2018-04-27 20:19:51','SinhVien','<MaSV>13029340</MaSV>','<MaSV>13029340</MaSV>',2),('2018-04-27 20:19:51','SinhVien','<MaSV>13029416</MaSV>','<MaSV>13029416</MaSV>',2),('2018-04-27 20:19:51','SinhVien','<MaSV>13029812</MaSV>','<MaSV>13029812</MaSV>',2),('2018-04-27 20:19:51','SinhVien','<MaSV>13029897</MaSV>','<MaSV>13029897</MaSV>',2),('2018-04-27 20:19:51','SinhVien','<MaSV>13030215</MaSV>','<MaSV>13030215</MaSV>',2),('2018-04-27 20:19:51','SinhVien','<MaSV>13030612</MaSV>','<MaSV>13030612</MaSV>',2),('2018-04-27 20:19:51','SinhVien','<MaSV>13031096</MaSV>','<MaSV>13031096</MaSV>',2),('2018-04-27 20:19:51','SinhVien','<MaSV>13031140</MaSV>','<MaSV>13031140</MaSV>',2),('2018-04-27 20:19:51','SinhVien','<MaSV>13031263</MaSV>','<MaSV>13031263</MaSV>',2),('2018-04-27 20:19:51','SinhVien','<MaSV>13031649</MaSV>','<MaSV>13031649</MaSV>',2),('2018-04-27 20:19:51','SinhVien','<MaSV>13031778</MaSV>','<MaSV>13031778</MaSV>',2),('2018-04-27 20:19:51','SinhVien','<MaSV>13031781</MaSV>','<MaSV>13031781</MaSV>',2),('2018-04-27 20:19:51','SinhVien','<MaSV>13031916</MaSV>','<MaSV>13031916</MaSV>',2),('2018-04-27 20:19:51','SinhVien','<MaSV>13032009</MaSV>','<MaSV>13032009</MaSV>',2),('2018-04-27 20:19:51','SinhVien','<MaSV>13032108</MaSV>','<MaSV>13032108</MaSV>',2),('2018-04-27 20:19:51','SinhVien','<MaSV>13032247</MaSV>','<MaSV>13032247</MaSV>',2),('2018-04-27 20:19:51','SinhVien','<MaSV>13032281</MaSV>','<MaSV>13032281</MaSV>',2),('2018-04-27 20:19:51','SinhVien','<MaSV>13032769</MaSV>','<MaSV>13032769</MaSV>',2),('2018-04-27 20:19:51','SinhVien','<MaSV>13032931</MaSV>','<MaSV>13032931</MaSV>',2),('2018-04-27 20:19:51','SinhVien','<MaSV>13033789</MaSV>','<MaSV>13033789</MaSV>',2),('2018-04-27 20:19:51','SinhVien','<MaSV>13034502</MaSV>','<MaSV>13034502</MaSV>',2),('2018-04-27 20:19:51','SinhVien','<MaSV>13034582</MaSV>','<MaSV>13034582</MaSV>',2),('2018-04-27 20:19:51','SinhVien','<MaSV>13034587</MaSV>','<MaSV>13034587</MaSV>',2),('2018-04-27 20:19:51','SinhVien','<MaSV>13034729</MaSV>','<MaSV>13034729</MaSV>',2),('2018-04-27 20:19:51','SinhVien','<MaSV>13034945</MaSV>','<MaSV>13034945</MaSV>',2),('2018-04-27 20:19:51','SinhVien','<MaSV>13034993</MaSV>','<MaSV>13034993</MaSV>',2),('2018-04-27 20:19:51','SinhVien','<MaSV>13035489</MaSV>','<MaSV>13035489</MaSV>',2),('2018-04-27 20:19:51','SinhVien','<MaSV>13035834</MaSV>','<MaSV>13035834</MaSV>',2),('2018-04-27 20:19:51','SinhVien','<MaSV>13036307</MaSV>','<MaSV>13036307</MaSV>',2),('2018-04-27 20:19:51','SinhVien','<MaSV>13036892</MaSV>','<MaSV>13036892</MaSV>',2),('2018-04-27 20:19:51','SinhVien','<MaSV>13036972</MaSV>','<MaSV>13036972</MaSV>',2),('2018-04-27 20:19:51','SinhVien','<MaSV>13037586</MaSV>','<MaSV>13037586</MaSV>',2),('2018-04-27 20:19:51','SinhVien','<MaSV>13037893</MaSV>','<MaSV>13037893</MaSV>',2),('2018-04-27 20:19:51','SinhVien','<MaSV>13038003</MaSV>','<MaSV>13038003</MaSV>',2),('2018-04-27 20:19:51','SinhVien','<MaSV>13038184</MaSV>','<MaSV>13038184</MaSV>',2),('2018-04-27 20:19:51','SinhVien','<MaSV>13038370</MaSV>','<MaSV>13038370</MaSV>',2),('2018-04-27 20:19:51','SinhVien','<MaSV>13038661</MaSV>','<MaSV>13038661</MaSV>',2),('2018-04-27 20:19:51','SinhVien','<MaSV>13038797</MaSV>','<MaSV>13038797</MaSV>',2),('2018-04-27 20:19:51','SinhVien','<MaSV>13038921</MaSV>','<MaSV>13038921</MaSV>',2),('2018-04-27 20:19:51','SinhVien','<MaSV>13039093</MaSV>','<MaSV>13039093</MaSV>',2),('2018-04-27 20:19:51','SinhVien','<MaSV>13039215</MaSV>','<MaSV>13039215</MaSV>',2),('2018-04-27 20:19:51','SinhVien','<MaSV>13039448</MaSV>','<MaSV>13039448</MaSV>',2),('2018-04-27 20:19:51','SinhVien','<MaSV>13040023</MaSV>','<MaSV>13040023</MaSV>',2),('2018-04-27 20:19:51','SinhVien','<MaSV>13040079</MaSV>','<MaSV>13040079</MaSV>',2),('2018-04-27 20:19:51','SinhVien','<MaSV>13040533</MaSV>','<MaSV>13040533</MaSV>',2),('2018-04-27 20:19:51','SinhVien','<MaSV>13040807</MaSV>','<MaSV>13040807</MaSV>',2),('2018-04-27 20:19:51','SinhVien','<MaSV>13040898</MaSV>','<MaSV>13040898</MaSV>',2),('2018-04-27 20:19:51','SinhVien','<MaSV>13041196</MaSV>','<MaSV>13041196</MaSV>',2),('2018-04-27 20:19:51','SinhVien','<MaSV>13041676</MaSV>','<MaSV>13041676</MaSV>',2),('2018-04-27 20:19:51','SinhVien','<MaSV>13041761</MaSV>','<MaSV>13041761</MaSV>',2),('2018-04-27 20:19:51','SinhVien','<MaSV>13041869</MaSV>','<MaSV>13041869</MaSV>',2),('2018-04-27 20:19:51','SinhVien','<MaSV>13041889</MaSV>','<MaSV>13041889</MaSV>',2),('2018-04-27 20:19:51','SinhVien','<MaSV>13042066</MaSV>','<MaSV>13042066</MaSV>',2),('2018-04-27 20:19:51','SinhVien','<MaSV>13042624</MaSV>','<MaSV>13042624</MaSV>',2),('2018-04-27 20:19:51','SinhVien','<MaSV>13042899</MaSV>','<MaSV>13042899</MaSV>',2),('2018-04-27 20:19:51','SinhVien','<MaSV>13042980</MaSV>','<MaSV>13042980</MaSV>',2),('2018-04-27 20:19:51','SinhVien','<MaSV>13043006</MaSV>','<MaSV>13043006</MaSV>',2),('2018-04-27 20:19:51','SinhVien','<MaSV>13043241</MaSV>','<MaSV>13043241</MaSV>',2),('2018-04-27 20:19:51','SinhVien','<MaSV>13043296</MaSV>','<MaSV>13043296</MaSV>',2),('2018-04-27 20:19:51','SinhVien','<MaSV>13043529</MaSV>','<MaSV>13043529</MaSV>',2),('2018-04-27 20:19:51','SinhVien','<MaSV>13043782</MaSV>','<MaSV>13043782</MaSV>',2),('2018-04-27 20:19:51','SinhVien','<MaSV>13043898</MaSV>','<MaSV>13043898</MaSV>',2),('2018-04-27 20:19:51','SinhVien','<MaSV>13044288</MaSV>','<MaSV>13044288</MaSV>',2),('2018-04-27 20:19:51','SinhVien','<MaSV>13044475</MaSV>','<MaSV>13044475</MaSV>',2),('2018-04-27 20:19:51','SinhVien','<MaSV>13044577</MaSV>','<MaSV>13044577</MaSV>',2),('2018-04-27 20:19:51','SinhVien','<MaSV>13044738</MaSV>','<MaSV>13044738</MaSV>',2),('2018-04-27 20:19:51','SinhVien','<MaSV>13045112</MaSV>','<MaSV>13045112</MaSV>',2),('2018-04-27 20:19:51','SinhVien','<MaSV>13045656</MaSV>','<MaSV>13045656</MaSV>',2),('2018-04-27 20:19:51','SinhVien','<MaSV>13045661</MaSV>','<MaSV>13045661</MaSV>',2),('2018-04-27 20:19:51','SinhVien','<MaSV>13045818</MaSV>','<MaSV>13045818</MaSV>',2),('2018-04-27 20:19:51','SinhVien','<MaSV>13046003</MaSV>','<MaSV>13046003</MaSV>',2),('2018-04-27 20:19:51','SinhVien','<MaSV>13046361</MaSV>','<MaSV>13046361</MaSV>',2),('2018-04-27 20:19:51','SinhVien','<MaSV>13046454</MaSV>','<MaSV>13046454</MaSV>',2),('2018-04-27 20:19:51','SinhVien','<MaSV>13046809</MaSV>','<MaSV>13046809</MaSV>',2),('2018-04-27 20:19:51','SinhVien','<MaSV>13046870</MaSV>','<MaSV>13046870</MaSV>',2),('2018-04-27 20:19:51','SinhVien','<MaSV>13046979</MaSV>','<MaSV>13046979</MaSV>',2),('2018-04-27 20:19:51','SinhVien','<MaSV>13047204</MaSV>','<MaSV>13047204</MaSV>',2),('2018-04-27 20:19:51','SinhVien','<MaSV>13047218</MaSV>','<MaSV>13047218</MaSV>',2),('2018-04-27 20:19:51','SinhVien','<MaSV>13047339</MaSV>','<MaSV>13047339</MaSV>',2),('2018-04-27 20:19:51','SinhVien','<MaSV>13047396</MaSV>','<MaSV>13047396</MaSV>',2),('2018-04-27 20:19:51','SinhVien','<MaSV>13047429</MaSV>','<MaSV>13047429</MaSV>',2),('2018-04-27 20:19:51','SinhVien','<MaSV>13047568</MaSV>','<MaSV>13047568</MaSV>',2),('2018-04-27 20:19:51','SinhVien','<MaSV>13047694</MaSV>','<MaSV>13047694</MaSV>',2),('2018-04-27 20:19:51','SinhVien','<MaSV>13048059</MaSV>','<MaSV>13048059</MaSV>',2),('2018-04-27 20:19:51','SinhVien','<MaSV>13048069</MaSV>','<MaSV>13048069</MaSV>',2),('2018-04-27 20:19:51','SinhVien','<MaSV>13048152</MaSV>','<MaSV>13048152</MaSV>',2),('2018-04-27 20:19:51','SinhVien','<MaSV>13048395</MaSV>','<MaSV>13048395</MaSV>',2),('2018-04-27 20:19:51','SinhVien','<MaSV>13048759</MaSV>','<MaSV>13048759</MaSV>',2),('2018-04-27 20:19:51','SinhVien','<MaSV>13048817</MaSV>','<MaSV>13048817</MaSV>',2),('2018-04-27 20:19:51','SinhVien','<MaSV>13049410</MaSV>','<MaSV>13049410</MaSV>',2),('2018-04-27 20:19:51','SinhVien','<MaSV>13049797</MaSV>','<MaSV>13049797</MaSV>',2),('2018-04-27 20:19:51','SinhVien','<MaSV>13050046</MaSV>','<MaSV>13050046</MaSV>',2),('2018-04-27 20:19:51','SinhVien','<MaSV>13050264</MaSV>','<MaSV>13050264</MaSV>',2),('2018-04-27 20:19:51','SinhVien','<MaSV>13050389</MaSV>','<MaSV>13050389</MaSV>',2),('2018-04-27 20:19:51','SinhVien','<MaSV>13050763</MaSV>','<MaSV>13050763</MaSV>',2),('2018-04-27 20:19:51','SinhVien','<MaSV>13050996</MaSV>','<MaSV>13050996</MaSV>',2),('2018-04-27 20:19:51','SinhVien','<MaSV>13051113</MaSV>','<MaSV>13051113</MaSV>',2),('2018-04-27 20:19:51','SinhVien','<MaSV>13051165</MaSV>','<MaSV>13051165</MaSV>',2),('2018-04-27 20:19:51','SinhVien','<MaSV>13051304</MaSV>','<MaSV>13051304</MaSV>',2),('2018-04-27 20:19:51','SinhVien','<MaSV>13051373</MaSV>','<MaSV>13051373</MaSV>',2),('2018-04-27 20:19:51','SinhVien','<MaSV>13051440</MaSV>','<MaSV>13051440</MaSV>',2),('2018-04-27 20:05:41','SinhVien','<MaSV>13051457</MaSV>','<MaSV>13051457</MaSV>',2),('2018-04-27 20:05:41','SinhVien','<MaSV>13051608</MaSV>','<MaSV>13051608</MaSV>',2),('2018-04-27 20:05:41','SinhVien','<MaSV>13052407</MaSV>','<MaSV>13052407</MaSV>',2),('2018-04-27 20:05:41','SinhVien','<MaSV>13052623</MaSV>','<MaSV>13052623</MaSV>',2),('2018-04-27 20:05:41','SinhVien','<MaSV>13052632</MaSV>','<MaSV>13052632</MaSV>',2),('2018-04-27 20:05:41','SinhVien','<MaSV>13052787</MaSV>','<MaSV>13052787</MaSV>',2),('2018-04-27 20:05:41','SinhVien','<MaSV>13052953</MaSV>','<MaSV>13052953</MaSV>',2),('2018-04-27 20:05:41','SinhVien','<MaSV>13053398</MaSV>','<MaSV>13053398</MaSV>',2),('2018-04-27 20:05:41','SinhVien','<MaSV>13053507</MaSV>','<MaSV>13053507</MaSV>',2),('2018-04-27 20:05:41','SinhVien','<MaSV>13053727</MaSV>','<MaSV>13053727</MaSV>',2),('2018-04-27 20:05:41','SinhVien','<MaSV>13054048</MaSV>','<MaSV>13054048</MaSV>',2),('2018-04-27 20:05:41','SinhVien','<MaSV>13054816</MaSV>','<MaSV>13054816</MaSV>',2),('2018-04-27 20:05:41','SinhVien','<MaSV>13055104</MaSV>','<MaSV>13055104</MaSV>',2),('2018-04-27 20:05:41','SinhVien','<MaSV>13055142</MaSV>','<MaSV>13055142</MaSV>',2),('2018-04-27 20:05:41','SinhVien','<MaSV>13055553</MaSV>','<MaSV>13055553</MaSV>',2),('2018-04-27 20:05:41','SinhVien','<MaSV>13056270</MaSV>','<MaSV>13056270</MaSV>',2),('2018-04-27 20:05:41','SinhVien','<MaSV>13056343</MaSV>','<MaSV>13056343</MaSV>',2),('2018-04-27 20:05:41','SinhVien','<MaSV>13056892</MaSV>','<MaSV>13056892</MaSV>',2),('2018-04-27 20:05:41','SinhVien','<MaSV>13056973</MaSV>','<MaSV>13056973</MaSV>',2),('2018-04-27 20:05:41','SinhVien','<MaSV>13057299</MaSV>','<MaSV>13057299</MaSV>',2),('2018-04-27 20:05:41','SinhVien','<MaSV>13057353</MaSV>','<MaSV>13057353</MaSV>',2),('2018-04-27 20:05:41','SinhVien','<MaSV>13057418</MaSV>','<MaSV>13057418</MaSV>',2),('2018-04-27 20:05:41','SinhVien','<MaSV>13057517</MaSV>','<MaSV>13057517</MaSV>',2),('2018-04-27 20:05:41','SinhVien','<MaSV>13057727</MaSV>','<MaSV>13057727</MaSV>',2),('2018-04-27 20:05:41','SinhVien','<MaSV>13057884</MaSV>','<MaSV>13057884</MaSV>',2),('2018-04-27 20:05:41','SinhVien','<MaSV>13057889</MaSV>','<MaSV>13057889</MaSV>',2),('2018-04-27 20:05:41','SinhVien','<MaSV>13058532</MaSV>','<MaSV>13058532</MaSV>',2),('2018-04-27 20:05:41','SinhVien','<MaSV>13058881</MaSV>','<MaSV>13058881</MaSV>',2),('2018-04-27 20:05:41','SinhVien','<MaSV>13059325</MaSV>','<MaSV>13059325</MaSV>',2),('2018-04-27 20:05:41','SinhVien','<MaSV>13059349</MaSV>','<MaSV>13059349</MaSV>',2),('2018-04-27 20:05:41','SinhVien','<MaSV>13059418</MaSV>','<MaSV>13059418</MaSV>',2),('2018-04-27 20:05:41','SinhVien','<MaSV>13059679</MaSV>','<MaSV>13059679</MaSV>',2),('2018-04-27 20:05:41','SinhVien','<MaSV>13059894</MaSV>','<MaSV>13059894</MaSV>',2),('2018-04-27 20:05:41','SinhVien','<MaSV>13062195</MaSV>','<MaSV>13062195</MaSV>',2),('2018-04-27 20:05:41','SinhVien','<MaSV>13062569</MaSV>','<MaSV>13062569</MaSV>',2),('2018-04-27 20:05:41','SinhVien','<MaSV>13062654</MaSV>','<MaSV>13062654</MaSV>',2),('2018-04-27 20:05:41','SinhVien','<MaSV>13062690</MaSV>','<MaSV>13062690</MaSV>',2),('2018-04-27 20:05:41','SinhVien','<MaSV>13063225</MaSV>','<MaSV>13063225</MaSV>',2),('2018-04-27 20:05:41','SinhVien','<MaSV>13064276</MaSV>','<MaSV>13064276</MaSV>',2),('2018-04-27 20:05:41','SinhVien','<MaSV>13065218</MaSV>','<MaSV>13065218</MaSV>',2),('2018-04-27 20:05:41','SinhVien','<MaSV>13065978</MaSV>','<MaSV>13065978</MaSV>',2),('2018-04-27 20:05:41','SinhVien','<MaSV>13066254</MaSV>','<MaSV>13066254</MaSV>',2),('2018-04-27 04:16:45','SinhVien','<MaSV>13067365</MaSV>','<MaSV>13067365</MaSV>',2),('2018-04-27 04:16:45','SinhVien','<MaSV>13071871</MaSV>','<MaSV>13071871</MaSV>',2),('2018-04-27 04:16:45','SinhVien','<MaSV>13072721</MaSV>','<MaSV>13072721</MaSV>',2),('2018-04-27 04:16:45','SinhVien','<MaSV>13076803</MaSV>','<MaSV>13076803</MaSV>',2),('2018-04-27 04:16:45','SinhVien','<MaSV>13081445</MaSV>','<MaSV>13081445</MaSV>',2),('2018-04-27 04:16:45','SinhVien','<MaSV>13083041</MaSV>','<MaSV>13083041</MaSV>',2),('2018-04-27 04:16:45','SinhVien','<MaSV>13083566</MaSV>','<MaSV>13083566</MaSV>',2),('2018-04-27 04:16:45','SinhVien','<MaSV>13083847</MaSV>','<MaSV>13083847</MaSV>',2),('2018-04-27 04:16:45','SinhVien','<MaSV>13086736</MaSV>','<MaSV>13086736</MaSV>',2),('2018-04-27 04:16:45','SinhVien','<MaSV>13087646</MaSV>','<MaSV>13087646</MaSV>',2),('2018-04-27 04:16:45','SinhVien','<MaSV>13087828</MaSV>','<MaSV>13087828</MaSV>',2),('2018-04-27 04:16:45','SinhVien','<MaSV>13088015</MaSV>','<MaSV>13088015</MaSV>',2),('2018-04-27 04:16:45','SinhVien','<MaSV>13088773</MaSV>','<MaSV>13088773</MaSV>',2),('2018-04-27 04:16:45','SinhVien','<MaSV>13089626</MaSV>','<MaSV>13089626</MaSV>',2),('2018-04-27 04:16:45','SinhVien','<MaSV>13090095</MaSV>','<MaSV>13090095</MaSV>',2),('2018-04-27 04:16:45','SinhVien','<MaSV>13091417</MaSV>','<MaSV>13091417</MaSV>',2),('2018-04-27 04:16:45','SinhVien','<MaSV>13091846</MaSV>','<MaSV>13091846</MaSV>',2),('2018-04-27 04:16:45','SinhVien','<MaSV>13092127</MaSV>','<MaSV>13092127</MaSV>',2),('2018-04-27 04:16:45','SinhVien','<MaSV>13093756</MaSV>','<MaSV>13093756</MaSV>',2),('2018-04-27 04:16:45','SinhVien','<MaSV>13094919</MaSV>','<MaSV>13094919</MaSV>',2),('2018-04-27 04:16:45','SinhVien','<MaSV>13095443</MaSV>','<MaSV>13095443</MaSV>',2),('2018-04-27 04:16:45','SinhVien','<MaSV>13095702</MaSV>','<MaSV>13095702</MaSV>',2),('2018-04-27 04:16:45','SinhVien','<MaSV>13096096</MaSV>','<MaSV>13096096</MaSV>',2),('2018-04-27 04:16:45','SinhVien','<MaSV>13099070</MaSV>','<MaSV>13099070</MaSV>',2),('2018-04-27 04:16:45','SinhVien','<MaSV>13100345</MaSV>','<MaSV>13100345</MaSV>',2),('2018-04-27 04:16:45','SinhVien','<MaSV>13102733</MaSV>','<MaSV>13102733</MaSV>',2),('2018-04-27 04:16:45','SinhVien','<MaSV>13102923</MaSV>','<MaSV>13102923</MaSV>',2),('2018-04-27 04:16:45','SinhVien','<MaSV>13104749</MaSV>','<MaSV>13104749</MaSV>',2),('2018-04-27 04:16:45','SinhVien','<MaSV>13105301</MaSV>','<MaSV>13105301</MaSV>',2),('2018-04-27 04:16:45','SinhVien','<MaSV>15063451</MaSV>','<MaSV>15063451</MaSV>',1),('2018-04-27 04:16:45','SinhVien','<MaSV>15063452</MaSV>','<MaSV>15063452</MaSV>',1),('2018-04-27 04:16:45','SinhVien','<MaSV>15063453</MaSV>','<MaSV>15063453</MaSV>',1),('2018-04-27 04:16:45','SinhVien','<MaSV>15063454</MaSV>','<MaSV>15063454</MaSV>',1),('2018-04-27 23:21:05','SinhVien','<MaSV>15063455</MaSV>','<MaSV>15063455</MaSV>',1);
/*!40000 ALTER TABLE `history_store` ENABLE KEYS */;
UNLOCK TABLES;

--
-- Table structure for table `hockynam`
--

DROP TABLE IF EXISTS `hockynam`;
/*!40101 SET @saved_cs_client     = @@character_set_client */;
/*!40101 SET character_set_client = utf8 */;
CREATE TABLE `hockynam` (
  `MaHK` int(11) NOT NULL,
  `NamHoc` varchar(50) COLLATE utf8_bin DEFAULT NULL,
  `HocKy` varchar(1) COLLATE utf8_bin DEFAULT NULL,
  PRIMARY KEY (`MaHK`)
) ENGINE=InnoDB DEFAULT CHARSET=utf8 COLLATE=utf8_bin;
/*!40101 SET character_set_client = @saved_cs_client */;

--
-- Dumping data for table `hockynam`
--

LOCK TABLES `hockynam` WRITE;
/*!40000 ALTER TABLE `hockynam` DISABLE KEYS */;
INSERT INTO `hockynam` VALUES (100,'2015-2016','1'),(101,'2015-2016','2'),(102,'2016-2017','1'),(103,'2016-2017','2'),(104,'2017-2018','1'),(105,'2017-2018','2'),(106,'2018-2019','1'),(107,'2018-2019','2');
/*!40000 ALTER TABLE `hockynam` ENABLE KEYS */;
UNLOCK TABLES;

--
-- Table structure for table `ketquahoctap`
--

DROP TABLE IF EXISTS `ketquahoctap`;
/*!40101 SET @saved_cs_client     = @@character_set_client */;
/*!40101 SET character_set_client = utf8 */;
CREATE TABLE `ketquahoctap` (
  `MaSV` int(11) NOT NULL,
  `MaHP` int(11) NOT NULL,
  `DiemTK` double DEFAULT NULL,
  PRIMARY KEY (`MaSV`,`MaHP`),
  KEY `FK_KetQuaHocTap_LopHocPhan` (`MaHP`),
  CONSTRAINT `FK_KetQuaHocTap_LopHocPhan` FOREIGN KEY (`MaHP`) REFERENCES `lophocphan` (`MaHP`) ON DELETE NO ACTION ON UPDATE NO ACTION,
  CONSTRAINT `FK_KetQuaHocTap_SinhVien` FOREIGN KEY (`MaSV`) REFERENCES `sinhvien` (`MaSV`) ON DELETE NO ACTION ON UPDATE NO ACTION
) ENGINE=InnoDB DEFAULT CHARSET=utf8 COLLATE=utf8_bin;
/*!40101 SET character_set_client = @saved_cs_client */;

--
-- Dumping data for table `ketquahoctap`
--

LOCK TABLES `ketquahoctap` WRITE;
/*!40000 ALTER TABLE `ketquahoctap` DISABLE KEYS */;
INSERT INTO `ketquahoctap` VALUES (11006870,102,8.32),(11030482,102,5.93),(11032342,100,7.11),(11032900,102,9.71),(11033107,103,6.97),(11033559,103,9.59),(11034610,101,9.06),(11034945,102,8.86),(11035709,103,6.35),(11036128,102,4.56),(11036728,103,6.56),(11037441,102,7.04),(11038414,103,8.04),(11039556,100,4.85),(11040545,103,7.82),(11040672,104,8.61),(11043078,101,8.12),(11043471,102,5.88),(11043788,104,5.13),(11046115,101,6.69),(11048367,102,4.3),(11048394,101,7.58),(11048918,101,6.59),(11054092,104,9.02),(11054167,101,7.19),(11056030,100,8.9),(11061822,101,6.36),(11069419,100,6.19),(11072334,100,5.33),(11073607,104,4.28),(11074390,103,6.9),(11075375,101,9.53),(11080024,102,9.47),(11080466,103,5.61),(11081115,102,9.16),(11082755,103,5.1),(11083430,104,4.49),(11083501,104,8.07),(11083582,103,4.06),(11084629,104,9.16),(11110230,100,6.06),(11221116,100,9.23),(11223482,101,9.2),(11223682,102,8.55),(11227265,101,9.51),(11228062,103,7.47),(11228072,101,8.73),(11228404,100,5.3),(11229008,102,6.85),(11229334,100,6.05),(11230960,102,8.26),(11231731,102,5.44),(11233215,103,4.53),(11234197,100,8.71),(11234727,104,6.56),(11235380,102,6.75),(11236756,104,4.33),(11240928,104,8),(11241815,100,7.18),(11241958,100,9.15),(11243665,104,4.71),(11245126,101,9.32),(11245220,103,6.35),(11245397,100,4.79),(11247864,100,5.65),(11248225,100,8.38),(11248316,100,4.25),(11250785,101,9.26),(11251043,100,6.76),(11251158,103,6.05),(11251842,101,5.56),(11253131,100,5.91),(11254052,104,6.12),(11254145,100,7.25),(11257326,103,8.38),(11257782,103,8.45),(11261005,100,6),(11263116,100,6.43),(11263740,104,9.66),(11264466,102,6.38),(11266548,102,8.35),(11270257,101,8.86),(11277475,101,5.45),(11283409,100,4.87),(11292002,103,7.44),(11293372,102,7.62),(11298540,101,5.64),(11305945,104,6.56),(11307244,100,4.45),(11309427,103,6.33),(11317752,103,6.34),(12005001,109,9.88),(12008091,107,7.63),(12008785,109,8.45),(12009080,106,4.33),(12009876,109,7.95),(12010643,107,7.22),(12010661,108,7.77),(12010745,105,4.04),(12010867,106,8.74),(12011198,109,7.76),(12011355,109,7.06),(12011444,106,9.14),(12011714,108,4.06),(12011822,106,9.03),(12011923,109,6.65),(12011962,105,6.1),(12012067,106,9.31),(12012258,106,7.35),(12012524,109,4.72),(12012612,106,4.66),(12012726,109,7.44),(12013060,107,7.65),(12013447,107,8.07),(12013471,105,8.51),(12013520,109,6.8),(12013744,105,9.45),(12013783,109,7.08),(12013889,107,6.06),(12013899,106,7.1),(12014067,105,5.99),(12014594,106,9.11),(12015155,107,8.03),(12015665,108,4.92),(12015673,109,5.04),(12015731,107,6.94),(12016386,109,6.46),(12016453,106,7.98),(12016622,105,8.03),(12017405,106,4.53),(12017477,109,8.87),(12017543,106,8.06),(12018005,105,9.01),(12018165,109,6.36),(12018223,106,4.82),(12018840,105,4.87),(12018842,108,7.31),(12018907,105,9.7),(12019025,109,9.75),(12019033,109,5.69),(12019598,109,7.5),(12019678,106,6.66),(12020469,106,9.14),(12020635,106,9.58),(12020720,105,6.25),(12020757,106,4.83),(12020781,108,4.61),(12021749,109,5),(12021912,108,4.08),(12022180,108,9.16),(12022331,109,8.52),(12022407,107,6.02),(12022646,105,8.63),(12022654,105,8.41),(12024340,108,6.19),(12024436,107,5.03),(12025362,106,5.43),(12025399,107,9.89),(12025431,105,5.23),(12025932,109,7.4),(12026112,105,8.22),(12026586,105,6.71),(12027313,105,9.82),(12027555,107,7.88),(12027585,106,7.57),(12027627,105,5.66),(12027639,109,4.44),(12028250,109,6.88),(12028527,106,6.01),(12028672,109,5.97),(12028738,107,4.59),(12028951,107,7.44),(12029243,105,4.85),(12029267,109,4.47),(12029572,105,8.71),(12029964,107,6.42),(12030182,107,4.32),(12030321,106,7.53),(12030516,107,7.07),(12030547,109,5.6),(12030743,109,9.43),(12031247,109,7.04),(12031383,108,7.62),(12031887,109,6.34),(12032513,105,7.08),(12032577,106,6.81),(12032791,109,8.34),(12032988,109,7.64),(12033014,109,9.14),(12033155,108,9.76),(12033164,109,4.87),(12033706,107,9.67),(12034003,109,4.06),(12034077,109,7.91),(12034284,106,8.56),(12034529,106,7.62),(12034559,106,7.12),(12034967,109,6.76),(12035275,105,6.53),(12035277,106,9.01),(12035369,106,9.87),(12035562,109,4.05),(12035831,109,8.37),(12035924,109,6.51),(12036431,108,7.89),(12037178,109,4.47),(12037329,109,8.03),(12037535,106,5.73),(12038445,109,5.58),(12039589,105,6.6),(12041072,109,6.21),(12041323,106,8.46),(12041713,105,7.24),(12041969,109,6.67),(12043444,108,5.38),(12045367,108,9.65),(12054832,109,8.68),(12054928,109,8.74),(12055024,108,4.66),(12055123,109,9.23),(12055623,105,6.98),(12055646,106,5.78),(12056617,109,6.07),(12056941,108,9.5),(12056946,109,6.97),(12057441,107,7.39),(12057496,106,5.31),(12057996,109,6.88),(12058042,109,7.24),(12058430,106,4.72),(12058529,109,9.02),(12058543,105,6.19),(12058712,109,8.38),(12059516,109,7.8),(12063531,106,6.01),(12065739,109,7.31),(12066612,109,6.74),(12066798,109,4.26),(12069295,109,7.98),(12070630,109,5.52),(12072007,109,8.35),(12072420,106,6.7),(12072790,109,7.52),(12072871,109,6.77),(12074621,109,8.95),(12075093,105,8.09),(12075184,109,5.42),(12076860,109,7.55),(12076961,108,9.72),(12077071,106,7.38),(12077908,106,8.9),(12078820,107,6.17),(12079321,109,9.64),(12080811,109,8.79),(12081263,105,6.07),(12081600,106,5.81),(12089642,106,6.64),(12098824,109,4.21),(12102252,109,7.02),(12107762,108,9.67),(12117238,109,5.35),(12124239,107,8.08),(12124459,108,5.06),(12125509,105,8.07),(12125565,109,5.26),(12125660,108,5.34),(12125664,107,4.01),(12126102,106,5.25),(12126289,108,8.26),(12126626,109,8.28),(12127250,106,7.23),(12129221,107,8.86),(12129616,107,6.6),(12131227,109,7.15),(12132423,108,8.52),(12132581,109,6.42),(12132643,106,5.89),(12133030,105,7.14),(12135483,109,8.97),(12136854,109,9.5),(12136899,106,8.4),(12137201,105,4.07),(12139028,108,9.74),(12143400,109,6.91),(12145340,108,5.95),(12145611,105,6.05),(12146824,106,9.83),(12147930,109,4.97),(12149614,107,9.83),(12150366,105,8.52),(12151010,105,9.89),(12151263,106,5.2),(12152397,106,7.32),(12154288,109,4.82);
/*!40000 ALTER TABLE `ketquahoctap` ENABLE KEYS */;
UNLOCK TABLES;

--
-- Table structure for table `khoahoc`
--

DROP TABLE IF EXISTS `khoahoc`;
/*!40101 SET @saved_cs_client     = @@character_set_client */;
/*!40101 SET character_set_client = utf8 */;
CREATE TABLE `khoahoc` (
  `MaKhoa` int(11) NOT NULL,
  `NamVaoHoc` varchar(5) COLLATE utf8_bin DEFAULT NULL,
  `MaNganh` int(11) DEFAULT NULL,
  PRIMARY KEY (`MaKhoa`),
  KEY `FK__KhoaHoc__MaNganh__2D27B809` (`MaNganh`),
  CONSTRAINT `FK__KhoaHoc__MaNganh__2D27B809` FOREIGN KEY (`MaNganh`) REFERENCES `nganhhoc` (`MaNganh`) ON DELETE NO ACTION ON UPDATE NO ACTION
) ENGINE=InnoDB DEFAULT CHARSET=utf8 COLLATE=utf8_bin;
/*!40101 SET character_set_client = @saved_cs_client */;

--
-- Dumping data for table `khoahoc`
--

LOCK TABLES `khoahoc` WRITE;
/*!40000 ALTER TABLE `khoahoc` DISABLE KEYS */;
INSERT INTO `khoahoc` VALUES (10,'2014',103),(11,'2015',102),(12,'2016',101),(13,'2017',100);
/*!40000 ALTER TABLE `khoahoc` ENABLE KEYS */;
UNLOCK TABLES;

--
-- Table structure for table `lophocphan`
--

DROP TABLE IF EXISTS `lophocphan`;
/*!40101 SET @saved_cs_client     = @@character_set_client */;
/*!40101 SET character_set_client = utf8 */;
CREATE TABLE `lophocphan` (
  `MaHP` int(11) NOT NULL,
  `MaMon` int(11) DEFAULT NULL,
  `MaHK` int(11) DEFAULT NULL,
  `MaGV` int(11) DEFAULT NULL,
  `SoLuongDK` int(11) DEFAULT NULL,
  PRIMARY KEY (`MaHP`),
  KEY `FK__LopHocPha__MaMon__45F365D3` (`MaMon`),
  KEY `FK_LopHocPhan_HocKyNam` (`MaHK`),
  KEY `FK__LopHocPhan__MaGV__47DBAE45` (`MaGV`),
  CONSTRAINT `FK_LopHocPhan_HocKyNam` FOREIGN KEY (`MaHK`) REFERENCES `hockynam` (`MaHK`) ON DELETE NO ACTION ON UPDATE NO ACTION,
  CONSTRAINT `FK__LopHocPha__MaMon__45F365D3` FOREIGN KEY (`MaMon`) REFERENCES `monhoc` (`MaMon`) ON DELETE NO ACTION ON UPDATE NO ACTION,
  CONSTRAINT `FK__LopHocPhan__MaGV__47DBAE45` FOREIGN KEY (`MaGV`) REFERENCES `giangvien` (`MaGV`) ON DELETE NO ACTION ON UPDATE NO ACTION
) ENGINE=InnoDB DEFAULT CHARSET=utf8 COLLATE=utf8_bin;
/*!40101 SET character_set_client = @saved_cs_client */;

--
-- Dumping data for table `lophocphan`
--

LOCK TABLES `lophocphan` WRITE;
/*!40000 ALTER TABLE `lophocphan` DISABLE KEYS */;
INSERT INTO `lophocphan` VALUES (100,205,100,23,45),(101,203,106,25,36),(102,245,105,25,44),(103,245,102,20,38),(104,232,102,30,33),(105,220,104,26,38),(106,236,103,29,41),(107,253,106,30,41),(108,247,103,26,34),(109,244,101,29,38),(110,221,105,29,37),(111,211,101,26,49),(112,238,103,29,35),(113,251,105,29,45),(114,234,106,28,43),(115,212,103,27,38),(116,218,107,21,44),(117,237,107,25,47),(118,214,107,26,43),(119,209,100,27,43),(120,217,101,25,44),(121,251,107,26,37),(122,248,107,24,32),(123,235,107,27,40),(124,212,103,25,41),(125,229,101,22,48),(126,223,100,26,35),(127,234,100,30,44),(128,203,104,24,44),(129,237,100,29,40),(130,210,107,24,31),(131,218,106,28,36),(132,204,103,22,47),(133,222,103,30,34),(134,207,102,21,46),(135,232,105,29,48),(136,226,103,22,50),(137,232,106,28,36),(138,227,102,27,35),(139,249,103,20,32),(140,218,100,22,30),(141,231,105,22,39),(142,245,102,20,35),(143,231,102,25,45),(144,207,101,29,35),(145,227,105,23,50),(146,232,101,28,33),(147,228,105,26,44),(148,220,107,24,48),(149,244,102,23,34),(150,212,101,24,46),(151,210,106,20,35),(152,219,100,30,46),(153,225,105,22,30),(154,246,105,25,46),(155,241,101,24,34),(156,234,102,26,39),(157,222,101,21,43),(158,237,102,21,33),(159,213,103,20,47),(160,225,101,22,34),(161,204,106,22,41),(162,223,106,26,46),(163,236,104,26,44),(164,213,102,24,50),(165,249,104,23,36),(166,234,104,24,30),(167,239,100,20,49),(168,222,102,23,49),(169,253,103,29,40),(170,213,106,22,43),(171,206,101,21,33),(172,241,104,30,41),(173,239,103,26,39),(174,211,105,22,37),(175,207,101,26,44),(176,239,103,29,42),(177,223,103,21,34),(178,226,105,30,35),(179,203,102,21,42),(180,216,105,26,40),(181,244,106,30,44),(182,209,100,22,39),(183,206,106,23,44),(184,215,106,20,40),(185,221,105,26,42),(186,216,104,28,43),(187,206,100,25,45);
/*!40000 ALTER TABLE `lophocphan` ENABLE KEYS */;
UNLOCK TABLES;

--
-- Table structure for table `lopnienkhoa`
--

DROP TABLE IF EXISTS `lopnienkhoa`;
/*!40101 SET @saved_cs_client     = @@character_set_client */;
/*!40101 SET character_set_client = utf8 */;
CREATE TABLE `lopnienkhoa` (
  `MaLop` int(11) NOT NULL,
  `TenLop` varchar(50) COLLATE utf8_bin DEFAULT NULL,
  `MaKhoa` int(11) DEFAULT NULL,
  PRIMARY KEY (`MaLop`),
  UNIQUE KEY `LopNienKhoa_UQ__LopNienK__336AF71E2A33FF0A` (`TenLop`),
  KEY `FK__LopNienKh__MaKho__30F848ED` (`MaKhoa`),
  CONSTRAINT `FK__LopNienKh__MaKho__30F848ED` FOREIGN KEY (`MaKhoa`) REFERENCES `khoahoc` (`MaKhoa`) ON DELETE NO ACTION ON UPDATE NO ACTION
) ENGINE=InnoDB DEFAULT CHARSET=utf8 COLLATE=utf8_bin;
/*!40101 SET character_set_client = @saved_cs_client */;

--
-- Dumping data for table `lopnienkhoa`
--

LOCK TABLES `lopnienkhoa` WRITE;
/*!40000 ALTER TABLE `lopnienkhoa` DISABLE KEYS */;
INSERT INTO `lopnienkhoa` VALUES (50,'DHKTPM11A',11),(51,'DHKTPM11B',11),(52,'DHKTPM11C',11),(53,'DHKTPM11E',11),(54,'DHKTPM11F',11),(55,'DHKTPM10A',10),(56,'DHKTPM10B',10),(57,'DHKTPM10C',10),(58,'DHKTPM10E',10),(59,'DHKTPM10F',10);
/*!40000 ALTER TABLE `lopnienkhoa` ENABLE KEYS */;
UNLOCK TABLES;

--
-- Table structure for table `monhoc`
--

DROP TABLE IF EXISTS `monhoc`;
/*!40101 SET @saved_cs_client     = @@character_set_client */;
/*!40101 SET character_set_client = utf8 */;
CREATE TABLE `monhoc` (
  `MaMon` int(11) NOT NULL,
  `TenMon` varchar(50) COLLATE utf8_bin DEFAULT NULL,
  `SoTinChi` tinyint(3) unsigned DEFAULT NULL,
  `MonHocTruoc` int(11) DEFAULT NULL,
  PRIMARY KEY (`MaMon`),
  UNIQUE KEY `UQ__MonHoc__332EF5654EF65016` (`TenMon`),
  KEY `FK__MonHoc__MonHocTr__398D8EEE` (`MonHocTruoc`),
  CONSTRAINT `FK__MonHoc__MonHocTr__398D8EEE` FOREIGN KEY (`MonHocTruoc`) REFERENCES `monhoc` (`MaMon`) ON DELETE NO ACTION ON UPDATE NO ACTION
) ENGINE=InnoDB DEFAULT CHARSET=utf8 COLLATE=utf8_bin;
/*!40101 SET character_set_client = @saved_cs_client */;

--
-- Dumping data for table `monhoc`
--

LOCK TABLES `monhoc` WRITE;
/*!40000 ALTER TABLE `monhoc` DISABLE KEYS */;
INSERT INTO `monhoc` VALUES (200,'Vật lý A1',3,NULL),(201,'Toán A1',3,NULL),(202,'Nhập môn Tin học',4,NULL),(203,'Giáo dục quốc phòng - An ninh',4,NULL),(204,'Giáo dục thể chất',3,NULL),(205,'Tư tưởng Hồ Chí Minh',3,NULL),(206,'Chứng chỉ C tiếng anh',3,NULL),(207,'Toán A2',4,NULL),(208,'Anh văn',3,NULL),(209,'Cấu trúc rời rạc',3,NULL),(210,'Phương pháp lập trình',3,NULL),(211,'Đường lối cách mạng của Đảng Cộng sản Việt nam',3,NULL),(212,'Lý thuyết đồ thị',3,NULL),(213,'Kiến trúc máy tính',4,NULL),(214,'Cấu trúc dữ liệu và giải thuật',3,NULL),(215,'Tiếng Anh cho Tin học 1',4,NULL),(216,'Những nguyên lý cơ bản của chủ nghĩa Mác - Lênin',4,NULL),(217,'Xác xuất thống kê',3,NULL),(218,'Hệ cơ sở dữ liệu',3,NULL),(219,'Tiếng Anh cho Tin học 2',3,NULL),(220,'Hệ điều hành',4,NULL),(221,'Lập trình hướng đối tượng',3,NULL),(222,'Pháp luật đại cương',3,NULL),(223,'Mạng máy tính',3,NULL),(224,'Công nghệ phần mềm',4,NULL),(225,'Phân tích và quản lý yêu cầu',4,NULL),(226,'Hệ quản trị CSDL',4,NULL),(227,'Quản trị doanh nghiệp',4,NULL),(228,'Lập trình Windows',4,NULL),(229,'Lập trình Java',3,NULL),(230,'Lôgic học',4,NULL),(231,'Kiến trúc và cài đặt DBMS',3,NULL),(232,'Quản lý hệ thống thông tin',4,NULL),(233,'Kế toán tài chính',4,NULL),(234,'Lập trình WEB',4,NULL),(235,'Phân tích và thiết kế hệ thống',4,NULL),(236,'Trí tuệ nhân tạo',3,NULL),(237,'Tương tác người máy',3,NULL),(238,'Marketing điện tử',4,NULL),(239,'Bảo mật thương mại điện tử',4,NULL),(240,'Quản lý dự án CNTT',3,NULL),(241,'Các hệ thống thông minh doanh nghiệp',3,NULL),(242,'Bảo mật cơ sở dữ liệu',4,NULL),(243,'Hoạch định tài nguyên doanh nghiệp',4,NULL),(244,'Bài tập lớn học phần 1',4,NULL),(245,'Nhập môn an toàn thông tin',4,NULL),(246,'Công nghệ thương mại điện tử',3,NULL),(247,'Khai phá dữ liệu trong IS',3,NULL),(248,'Thanh toán điện tử',3,NULL),(249,'Thực tập tốt nghiệp',4,NULL),(250,'Bài tập lớn học phần 2',4,NULL),(251,'Đồ án chuyên ngành',4,NULL),(252,'Kiến trúc hướng dịch vụ',4,NULL),(253,'Khóa luận tốt nghiệp',3,NULL);
/*!40000 ALTER TABLE `monhoc` ENABLE KEYS */;
UNLOCK TABLES;

--
-- Table structure for table `nganhhoc`
--

DROP TABLE IF EXISTS `nganhhoc`;
/*!40101 SET @saved_cs_client     = @@character_set_client */;
/*!40101 SET character_set_client = utf8 */;
CREATE TABLE `nganhhoc` (
  `MaNganh` int(11) NOT NULL,
  `TenNganh` varchar(50) COLLATE utf8_bin DEFAULT NULL,
  PRIMARY KEY (`MaNganh`),
  UNIQUE KEY `UQ__NganhHoc__A39CDA5251549C9D` (`TenNganh`)
) ENGINE=InnoDB DEFAULT CHARSET=utf8 COLLATE=utf8_bin;
/*!40101 SET character_set_client = @saved_cs_client */;

--
-- Dumping data for table `nganhhoc`
--

LOCK TABLES `nganhhoc` WRITE;
/*!40000 ALTER TABLE `nganhhoc` DISABLE KEYS */;
INSERT INTO `nganhhoc` VALUES (103,'Công nghệ thông tin'),(102,'Hệ thống thông tin'),(100,'Khoa học máy tính'),(101,'Kỹ thuật phần mềm');
/*!40000 ALTER TABLE `nganhhoc` ENABLE KEYS */;
UNLOCK TABLES;

--
-- Table structure for table `sinhvien`
--

DROP TABLE IF EXISTS `sinhvien`;
/*!40101 SET @saved_cs_client     = @@character_set_client */;
/*!40101 SET character_set_client = utf8 */;
CREATE TABLE `sinhvien` (
  `MaSV` int(11) NOT NULL,
  `Ho` varchar(50) COLLATE utf8_bin NOT NULL,
  `Ten` varchar(50) COLLATE utf8_bin NOT NULL,
  `NgaySinh` date DEFAULT NULL,
  `GioiTinh` varchar(50) COLLATE utf8_bin DEFAULT NULL,
  `NoiSinh` int(11) DEFAULT NULL,
  `Phone` varchar(10) COLLATE utf8_bin DEFAULT NULL,
  `MaLop` int(11) DEFAULT NULL,
  `pass` varchar(50) COLLATE utf8_bin DEFAULT NULL,
  PRIMARY KEY (`MaSV`),
  KEY `FK__SinhVien__NoiSin__33D4B598` (`NoiSinh`),
  KEY `FK__SinhVien__MaLop__35BCFE0A` (`MaLop`),
  CONSTRAINT `FK__SinhVien__MaLop__35BCFE0A` FOREIGN KEY (`MaLop`) REFERENCES `lopnienkhoa` (`MaLop`) ON DELETE NO ACTION ON UPDATE NO ACTION,
  CONSTRAINT `FK__SinhVien__NoiSin__33D4B598` FOREIGN KEY (`NoiSinh`) REFERENCES `tinhthanh` (`MaTinh`) ON DELETE NO ACTION ON UPDATE NO ACTION
) ENGINE=InnoDB DEFAULT CHARSET=utf8 COLLATE=utf8_bin;
/*!40101 SET character_set_client = @saved_cs_client */;

--
-- Dumping data for table `sinhvien`
--

LOCK TABLES `sinhvien` WRITE;
/*!40000 ALTER TABLE `sinhvien` DISABLE KEYS */;
INSERT INTO `sinhvien` VALUES (11006870,'Nguyễn Minh ','Cường','1995-05-02','Nam',27,'0',58,'0'),(11030482,'Nguyễn Đăng ','Khoa','1994-11-27','Nữ',27,'0',58,'0'),(11032342,'Nguyễn Trọng ','Khoa','1995-06-08','Nữ',83,'0',59,'0'),(11032900,'Nguyễn Mai Hoàng ','Long','1994-08-01','Nam',27,'0',58,'0'),(11033107,'Huỳnh Vương Nhật ','Triều','1994-05-29','Nữ',27,'0',58,'0'),(11033559,'Mai Quốc ','Toàn','1995-09-09','Nam',27,'0',58,'0'),(11034610,'Trần Minh ','Thuận','1996-03-30','Nữ',83,'0',59,'0'),(11034945,'Huỳnh Thái ','San','1995-04-01','Nam',27,'0',58,'0'),(11035709,'Hoàng Văn ','Trung','1994-01-04','Nam',27,'0',58,'0'),(11036128,'Lâm Văn ','Hiệp','1995-04-21','Nữ',27,'0',58,'0'),(11036728,'Bùi ','Thịnh','1994-11-23','Nam',27,'0',58,'0'),(11037441,'Trần Văn ','Chưởng','1993-10-05','Nam',27,'0',58,'0'),(11038414,'Dương Trung ','Tín','1993-01-28','Nam',27,'0',58,'0'),(11039556,'Nguyễn Thanh ','Liêm','1994-11-07','Nữ',83,'0',59,'0'),(11040545,'Đặng Đắc ','Thắng','1995-10-20','Nam',27,'0',58,'0'),(11040672,'Đặng Anh ','Vũ','1997-10-10','Nữ',95,'0',57,'0'),(11043078,'Trần Minh ','Thái','1993-11-22','Nữ',83,'0',59,'0'),(11043471,'Nguyễn Tấn ','Nguyên','1995-02-13','Nam',27,'0',58,'0'),(11043788,'Trương Công ','Huy','1998-01-14','Nam',95,'0',57,'0'),(11046115,'Lâm Tấn ','Thuận','1995-12-05','Nam',83,'0',59,'0'),(11048367,'Trương Đức ','Hùng','1993-12-21','Nữ',27,'0',58,'0'),(11048394,'Phạm Thế ','Nam','1994-06-04','Nam',83,'0',59,'0'),(11048918,'Nguyễn Văn ','Thắng','1995-11-06','Nữ',83,'0',59,'0'),(11054092,'Nguyễn Việt ','Đức','1997-10-23','Nam',95,'0',57,'0'),(11054167,'Phan Sỹ ','Thịnh','1995-07-12','Nữ',83,'0',59,'0'),(11056030,'Phạm Văn ','Hiệp','1994-01-17','Nam',83,'0',59,'0'),(11061822,'Trịnh Quang ','Mạnh','1995-03-02','Nữ',83,'0',59,'0'),(11069419,'Nguyễn Hữu ','Định','1994-03-30','Nam',83,'0',59,'0'),(11072334,'Nguyễn Thanh ','Khoa','1996-01-02','Nam',83,'0',59,'0'),(11073607,'Trịnh Quốc ','Thái','1996-02-20','Nữ',95,'0',57,'0'),(11074390,'Nguyễn Văn ','Tráng','1994-12-25','Nữ',27,'0',58,'0'),(11075375,'Trịnh Đình ','Vinh','1995-07-16','Nam',83,'0',59,'0'),(11080024,'Đàm Văn ','Công','1993-03-17','Nam',27,'0',58,'0'),(11080466,'Cao Minh ','Tâm','1995-05-04','Nam',27,'0',58,'0'),(11081115,'Đậu Văn ','Hợp','1994-03-01','Nam',27,'0',58,'0'),(11082755,'Nguyễn Văn ','Tám','1995-01-04','Nữ',27,'0',58,'0'),(11083430,'Nguyễn Văn ','Nhã','1999-04-21','Nữ',95,'0',57,'0'),(11083501,'Hoàng Văn ','Nghiệp','1993-04-22','Nam',95,'0',57,'0'),(11083582,'Phạm Thanh ','Tùng','1996-05-15','Nam',27,'0',58,'0'),(11084629,'Mai Đức ','Tuệ','1994-08-10','Nam',95,'0',57,'0'),(11110230,'Nguyễn Hữu ','Lợi','1994-08-15','Nam',83,'0',59,'0'),(11221116,'Nguyễn Xuân ','An','1995-08-21','Nam',83,'0',59,'0'),(11223482,'Nguyễn Thành ','Trung','1993-12-26','Nữ',83,'0',59,'0'),(11223682,'Nguyễn Ngọc ','Minh','1993-10-31','Nữ',27,'0',58,'0'),(11227265,'Nguyễn Tấn ','Quốc','1996-07-05','Nữ',83,'0',59,'0'),(11228062,'Dương Việt ','Thắng','1994-04-23','Nữ',27,'0',58,'0'),(11228072,'Đỗ Minh ','Quang','1993-07-21','Nam',83,'0',59,'0'),(11228404,'Vũ Ngọc ','Hoài','1991-10-28','Nữ',83,'0',59,'0'),(11229008,'Lê Văn ','Hoàng','1993-05-04','Nam',27,'0',58,'0'),(11229334,'Trương Trọng ','Ân','1994-01-11','Nữ',83,'0',59,'0'),(11230960,'Trần Anh ','Quốc','1994-07-22','Nữ',27,'0',58,'0'),(11231731,'41-TRIAL-Nguyễn Quang  167','Nhan','1995-03-25','Nữ',27,'0',58,'0'),(11233215,'5-TRIAL-Phạm Anh  245','Tuấn','1995-09-14','Nữ',27,'0',58,'0'),(11234197,'291-TRIAL-Vương Quốc  204','Bảo','1994-02-15','Nữ',83,'0',59,'0'),(11234727,'47-TRIAL-Nguyễn Minh  126','Tùng','1997-07-20','Nữ',95,'0',57,'0'),(11235380,'203-TRIAL-Lê Hoàng  111','Đạt','1993-06-12','Nam',27,'0',58,'0'),(11236756,'47-TRIAL-Lê Phước  44','Điệp','1993-02-07','Nam',95,'0',57,'0'),(11240928,'16-TRIAL-Huỳnh Anh  35','Tuấn','1997-01-03','Nam',95,'0',57,'0'),(11241815,'146-TRIAL-Phan Văn  105','Diệu','1994-07-31','Nữ',83,'0',59,'0'),(11241958,'129-TRIAL-Nguyễn Tấn  23','Khoa','1993-09-08','Nam',83,'0',59,'0'),(11243665,'144-TRIAL-Đặng Hà  39','Thái','1996-02-20','Nam',95,'0',57,'0'),(11245126,'33-TRIAL-Trần Ngọc  215','Tuân','1995-04-20','Nam',83,'0',59,'0'),(11245220,'221-TRIAL-Nguyễn Xuân  245','Tới','1993-09-03','Nam',27,'0',58,'0'),(11245397,'286-TRIAL-Dương Văn  90','Hòa','1995-02-06','Nữ',83,'0',59,'0'),(11247864,'50-TRIAL-Trần Nguyễn Nguyên  250','Khoa','1989-12-28','Nam',83,'0',59,'0'),(11248225,'157-TRIAL-Phạm Hữu  287','Đinh','1994-10-15','Nam',83,'0',59,'0'),(11248316,'122-TRIAL-Nguyễn Chí  46','Linh','1995-12-03','Nam',83,'0',59,'0'),(11250785,'10-TRIAL-Nguyễn Lê Hiếu  59','Tùng','1994-04-30','Nữ',83,'0',59,'0'),(11251043,'91-TRIAL-Võ Hoàng  236','Ân','1994-08-05','Nữ',83,'0',59,'0'),(11251158,'181-TRIAL-Đinh Tuấn  234','Sơn','1994-11-16','Nam',27,'0',58,'0'),(11251842,'128-TRIAL-Nguyễn Duy  193','Phương','1995-06-01','Nữ',83,'0',59,'0'),(11253131,'209-TRIAL-Thái Công  116','Hậu','1995-01-17','Nam',83,'0',59,'0'),(11254052,'224-TRIAL-Phan Văn  208','Hưng','1998-07-02','Nữ',95,'0',57,'0'),(11254145,'223-TRIAL-Nguyễn Võ Minh  87','Khang','1993-11-23','Nữ',83,'0',59,'0'),(11257326,'98-TRIAL-Nguyễn Tấn  281','Vũ','1995-01-14','Nữ',27,'0',58,'0'),(11257782,'38-TRIAL-Hoàng Nhật  179','Thái','1995-01-17','Nam',27,'0',58,'0'),(11261005,'2-TRIAL-Bùi Xuân  234','Cần','1995-02-14','Nữ',83,'0',59,'0'),(11263116,'169-TRIAL-Trần Anh  42','Đức','1994-05-11','Nữ',83,'0',59,'0'),(11263740,'257-TRIAL-Lê Văn  276','Hân','1997-12-07','Nữ',95,'0',57,'0'),(11264466,'161-TRIAL-Tiên Hoàng  288','Sang','1995-10-18','Nữ',27,'0',58,'0'),(11266548,'88-TRIAL-Đào Thị Thanh  226','Hoa','1993-02-21','Nam',27,'0',58,'0'),(11270257,'176-TRIAL-Đồng Thanh  129','Sơn','1996-03-12','Nam',83,'0',59,'0'),(11277475,'145-TRIAL-Nguyễn Hồng  60','Phong','1994-03-02','Nữ',83,'0',59,'0'),(11283409,'49-TRIAL-Phạm Văn  37','Hải','1993-09-07','Nữ',83,'0',59,'0'),(11292002,'188-TRIAL-Phạm Văn  82','Tú','1996-08-23','Nữ',27,'0',58,'0'),(11293372,'113-TRIAL-Cao Tiến  55','Hậu','1994-11-30','Nữ',27,'0',58,'0'),(11298540,'121-TRIAL-Trần Văn  58','Tiến','1994-03-05','Nữ',83,'0',59,'0'),(11305945,'135-TRIAL-Cao Văn  50','Nguyên','1993-10-01','Nữ',95,'0',57,'0'),(11307244,'54-TRIAL-Lê Văn  110','Hiếu','1995-11-13','Nam',83,'0',59,'0'),(11309427,'187-TRIAL-Lý Trung  5','Tín','1994-12-28','Nam',27,'0',58,'0'),(11317752,'234-TRIAL-Đặng Hữu  74','Thảo','1993-02-07','Nam',27,'0',58,'0'),(12005001,'73-TRIAL-Bùi Thanh  170','Phương','1994-12-28','Nữ',77,'0',55,'0'),(12008091,'2-TRIAL-Trần Thị Phương  199','Thảo','1995-12-19','Nam',24,'0',56,'0'),(12008785,'103-TRIAL-Nguyễn Hồng  132','Tín','1995-07-09','Nam',77,'0',55,'0'),(12009080,'164-TRIAL-Lê Trọng  100','Nguyễn','1997-10-07','Nữ',24,'0',56,'0'),(12009876,'211-TRIAL-Nguyễn Huy  260','Hoàng','1995-06-15','Nam',77,'0',55,'0'),(12010643,'119-TRIAL-Phạm Thành  25','Thảo','2000-08-13','Nữ',24,'0',56,'0'),(12010661,'151-TRIAL-Nguyễn Thụy Thanh  284','Hằng','1995-10-17','Nam',77,'0',55,'0'),(12010745,'10-TRIAL-Nguyễn Trung  257','Hậu','2000-02-14','Nữ',24,'0',56,'0'),(12010867,'82-TRIAL-Phạm Huỳnh Vũ  286','Kiên','1996-07-29','Nam',24,'0',56,'0'),(12011084,'223-TRIAL-Lê Phi  20','Hùng','1995-04-12','Nam',89,'0',54,'0'),(12011198,'64-TRIAL-Trần Văn  160','Sỹ','1995-03-02','Nữ',77,'0',55,'0'),(12011355,'153-TRIAL-Văn Đình Giáp  220','Tuất','1995-04-24','Nam',77,'0',55,'0'),(12011444,'0-TRIAL-Châu Hồ Quốc  13','Hòa','1998-01-06','Nữ',24,'0',56,'0'),(12011585,'203-TRIAL-Trương Hoàng  160','Minh','1994-10-01','Nữ',89,'0',54,'0'),(12011714,'60-TRIAL-Trần Tiến  228','Diễn','1993-10-01','Nam',77,'0',55,'0'),(12011822,'72-TRIAL-Nguyễn Ngọc  250','Huy','2001-02-02','Nam',24,'0',56,'0'),(12011923,'237-TRIAL-Phạm Thị Minh  171','Lý','1995-09-03','Nữ',77,'0',55,'0'),(12011962,'185-TRIAL-Uông Tiến  41','Đạt','2002-01-12','Nữ',24,'0',56,'0'),(12012040,'53-TRIAL-Nguyễn Thị Mộng  162','Mơ','1994-10-23','Nam',89,'0',54,'0'),(12012067,'207-TRIAL-Bùi Nhất  83','Phấm','1997-10-31','Nữ',24,'0',56,'0'),(12012258,'54-TRIAL-Nguyễn Phi  211','Long','1999-06-06','Nam',24,'0',56,'0'),(12012524,'205-TRIAL-Phan Thanh  283','Vân','1995-03-08','Nữ',77,'0',55,'0'),(12012612,'156-TRIAL-Huỳnh Thiên  193','Kim','1996-09-15','Nữ',24,'0',56,'0'),(12012678,'55-TRIAL-Ngô Xuân  255','Giang','1996-03-25','Nam',89,'0',54,'0'),(12012726,'96-TRIAL-Trần Nguyễn Phương  73','Thủy','1994-12-24','Nam',77,'0',55,'0'),(12013060,'212-TRIAL-Lâm Hồ Minh  95','Trí','1996-12-31','Nam',24,'0',56,'0'),(12013444,'190-TRIAL-Vũ Thanh  145','Tâm','1995-09-29','Nam',89,'0',54,'0'),(12013447,'92-TRIAL-Cao Phong  105','Vinh','2000-12-02','Nữ',24,'0',56,'0'),(12013471,'149-TRIAL-Đỗ Minh  156','Diễm','2001-09-05','Nam',24,'0',56,'0'),(12013520,'201-TRIAL-Nguyễn Thị Ngọc  77','Thúy','1995-10-23','Nữ',77,'0',55,'0'),(12013744,'270-TRIAL-Đặng Ngọc  28','Chính','1999-09-06','Nữ',24,'0',56,'0'),(12013783,'204-TRIAL-Phạm Mai Hải  203','Triều','1996-09-03','Nữ',77,'0',55,'0'),(12013889,'164-TRIAL-Võ Ngọc Xuân  42','Tuyết','1996-04-09','Nữ',24,'0',56,'0'),(12013899,'175-TRIAL-Nguyễn Huỳnh Anh  39','Hoa','1998-09-30','Nữ',24,'0',56,'0'),(12014049,'113-TRIAL-Nguyễn Đình Thế  275','Anh','1995-11-22','Nam',89,'0',54,'0'),(12014067,'89-TRIAL-Trịnh Ngọc  44','Báu','1998-03-10','Nam',24,'0',56,'0'),(12014594,'132-TRIAL-Nguyễn Văn  172','Hòa','1994-11-13','Nữ',24,'0',56,'0'),(12015099,'200-TRIAL-Huyết Lê Hoàng 269','Ân','1995-08-06','Nam',89,'0',54,'0'),(12015155,'209-TRIAL-Võ Trọng  63','Vũ','1994-12-30','Nam',24,'0',56,'0'),(12015665,'254-TRIAL-Trịnh Hữu  188','Đạt','1996-09-24','Nam',77,'0',55,'0'),(12015673,'36-TRIAL-Nguyễn Ngọc  83','Lân','1995-08-15','Nữ',77,'0',55,'0'),(12015731,'123-TRIAL-Võ Tấn  59','Thanh','1993-01-10','Nữ',24,'0',56,'0'),(12016386,'255-TRIAL-Trần Minh  101','Sang','1993-09-14','Nam',77,'0',55,'0'),(12016453,'242-TRIAL-Lê Ngọc  296','Khánh','1996-02-20','Nữ',24,'0',56,'0'),(12016622,'226-TRIAL-Trần Minh  112','Hà','2000-03-14','Nam',24,'0',56,'0'),(12016775,'156-TRIAL-Trần Tuấn  52','Đạt','1995-07-26','Nữ',89,'0',54,'0'),(12017405,'225-TRIAL-Trần Thanh  211','Phong','2001-04-10','Nam',24,'0',56,'0'),(12017477,'116-TRIAL-Mai Thanh  252','Việt','1995-05-10','Nữ',77,'0',55,'0'),(12017543,'148-TRIAL-Nguyễn Tiến  24','Nghĩa','2001-07-11','Nam',24,'0',56,'0'),(12018005,'50-TRIAL-Lý Huỳnh Duy  155','Bảo','2000-01-28','Nam',24,'0',56,'0'),(12018165,'289-TRIAL-Võ Thị  48','Yến','1995-06-20','Nam',77,'0',55,'0'),(12018223,'278-TRIAL-Nguyễn Duy  159','Khương','1996-01-06','Nam',24,'0',56,'0'),(12018532,'285-TRIAL-Huỳnh Duy  113','Nhân','1994-10-20','Nữ',89,'0',54,'0'),(12018840,'208-TRIAL-Phan Thanh  61','Giang','1995-07-01','Nam',24,'0',56,'0'),(12018842,'171-TRIAL-Trần Quang  164','Duy','1995-05-05','Nam',77,'0',55,'0'),(12018907,'182-TRIAL-Dương Tấn  154','Duy','1995-10-09','Nam',24,'0',56,'0'),(12019025,'115-TRIAL-Nguyễn Lê Xuân  179','Trường','1994-07-31','Nam',77,'0',55,'0'),(12019033,'13-TRIAL-Phạm Sơn  108','Tùng','1995-12-23','Nữ',77,'0',55,'0'),(12019298,'271-TRIAL-Nguyễn Văn  85','Hải','1994-10-30','Nữ',89,'0',54,'0'),(12019368,'76-TRIAL-Trần Văn  29','kỲ','1995-03-15','Nữ',89,'0',54,'0'),(12019470,'267-TRIAL-Lê Thành  28','Vân','1995-07-10','Nữ',89,'0',54,'0'),(12019474,'166-TRIAL-Võ Việt  287','Quang','1995-05-09','Nam',89,'0',54,'0'),(12019598,'209-TRIAL-Đoàn Đức  15','Thịnh','1995-07-01','Nữ',77,'0',55,'0'),(12019678,'6-TRIAL-Nguyễn Đại  268','Ngọc','2002-12-03','Nữ',24,'0',56,'0'),(12020469,'114-TRIAL-Biện Ngọc  109','Tâm','1999-04-02','Nữ',24,'0',56,'0'),(12020635,'8-TRIAL-Lê Xuân  248','Huy','1998-09-18','Nữ',24,'0',56,'0'),(12020720,'95-TRIAL-Lê Trúc  152','Duy','1996-10-10','Nữ',24,'0',56,'0'),(12020757,'286-TRIAL-Nguyễn Quang  196','Minh','1997-03-01','Nữ',24,'0',56,'0'),(12020781,'147-TRIAL-Phạm Chí  58','Hiếu','1996-06-06','Nữ',77,'0',55,'0'),(12020864,'52-TRIAL-Bùi Tấn  48','Quý','1994-09-15','Nữ',89,'0',54,'0'),(12020937,'218-TRIAL-Trần Ngọc  97','Đức','1995-01-04','Nam',89,'0',54,'0'),(12021749,'220-TRIAL-Phan Huy  140','Hoàng','1995-04-11','Nam',77,'0',55,'0'),(12021912,'198-TRIAL-Vũ Tiến  46','Đạt','1994-10-02','Nam',77,'0',55,'0'),(12022180,'121-TRIAL-Phạm Thị Thùy  175','Dung','1995-03-09','Nữ',77,'0',55,'0'),(12022331,'61-TRIAL-Trần Bảo  224','Huy','1996-02-13','Nữ',77,'0',55,'0'),(12022407,'237-TRIAL-Lê Văn  136','Trọng','2000-01-18','Nam',24,'0',56,'0'),(12022646,'235-TRIAL-Hồ Quốc  105','Duy','2001-09-19','Nữ',24,'0',56,'0'),(12022654,'81-TRIAL-Phan Thế  185','An','1996-09-01','Nữ',24,'0',56,'0'),(12024196,'249-TRIAL-Trần Hoàng  240','Trường','1995-07-13','Nữ',89,'0',54,'0'),(12024340,'205-TRIAL-Trần Phương  85','Đảo','1995-10-02','Nữ',77,'0',55,'0'),(12024436,'9-TRIAL-Võ Trường  0','Thi','1997-07-29','Nữ',24,'0',56,'0'),(12024831,'168-TRIAL-Giảng Lê Hồng  226','Hà','1994-07-05','Nữ',89,'0',54,'0'),(12025072,'195-TRIAL-Phan Văn  64','Hoàng','1995-02-26','Nữ',89,'0',54,'0'),(12025362,'22-TRIAL-Đặng Quốc  47','Nguyên','1998-07-18','Nữ',24,'0',56,'0'),(12025399,'81-TRIAL-Lương Ngọc Huy  112','Thanh','2001-06-08','Nữ',24,'0',56,'0'),(12025431,'108-TRIAL-Nguyễn Ngọc  123','Dũng','2000-05-31','Nam',24,'0',56,'0'),(12025932,'66-TRIAL-Trần Thị Bích  100','Ngọc','1995-05-05','Nam',77,'0',55,'0'),(12026112,'283-TRIAL-Lê Hồng  122','Hải','2000-07-21','Nữ',24,'0',56,'0'),(12026586,'220-TRIAL-Lê Tài  211','Đạt','1996-11-13','Nữ',24,'0',56,'0'),(12027028,'243-TRIAL-Trần Đình  34','Huy','1994-04-24','Nữ',89,'0',54,'0'),(12027313,'26-TRIAL-Nguyễn Cao Huỳnh  271','Hậu','2001-10-06','Nữ',24,'0',56,'0'),(12027543,'238-TRIAL-Phạm Thị  237','Thức','1995-04-28','Nữ',89,'0',54,'0'),(12027555,'92-TRIAL-Du Chí  254','Tâm','2000-07-25','Nữ',24,'0',56,'0'),(12027585,'272-TRIAL-Nguyễn Ngọc  30','Tài','1995-06-01','Nam',24,'0',56,'0'),(12027627,'90-TRIAL-Trương Thị Ngọc  123','Ánh','1997-01-29','Nam',24,'0',56,'0'),(12027639,'282-TRIAL-Trần Văn  258','Mạnh','1994-01-31','Nữ',77,'0',55,'0'),(12028250,'283-TRIAL-Phùng Mạnh  286','Huân','1996-08-05','Nam',77,'0',55,'0'),(12028527,'167-TRIAL-Trịnh Vĩnh  265','Phát','1994-04-08','Nam',24,'0',56,'0'),(12028672,'263-TRIAL-Đỗ Hoàng  56','Phúc','1995-05-13','Nam',77,'0',55,'0'),(12028738,'33-TRIAL-Trần Nguyễn Thị Hoài  260','Thủy','1996-12-14','Nữ',24,'0',56,'0'),(12028951,'10-TRIAL-Dương Trương  199','Tín','1998-05-21','Nữ',24,'0',56,'0'),(12029243,'8-TRIAL-Lê Duy  252','Hải','1995-10-25','Nữ',24,'0',56,'0'),(12029267,'115-TRIAL-Lâm Ngô  141','Khánh','1995-06-02','Nữ',77,'0',55,'0'),(12029572,'191-TRIAL-Nguyễn Tùng  200','Đạt','2000-10-26','Nữ',24,'0',56,'0'),(12029964,'40-TRIAL-Trần Thủy  287','Trúc','1996-04-10','Nam',24,'0',56,'0'),(12030182,'60-TRIAL-Đỗ Minh  234','Thịnh','1994-11-25','Nam',24,'0',56,'0'),(12030321,'10-TRIAL-Nguyễn Hữu  49','Nghĩa','1995-07-19','Nữ',24,'0',56,'0'),(12030516,'26-TRIAL-Hà Năng  76','Thái','1996-12-12','Nữ',24,'0',56,'0'),(12030547,'24-TRIAL-Võ Ngọc  72','Tây','1994-12-20','Nam',77,'0',55,'0'),(12030743,'96-TRIAL-Tạ Văn  74','Úc','1994-05-20','Nữ',77,'0',55,'0'),(12030804,'216-TRIAL-Nguyễn Thị Diễm  132','Hương','1995-04-21','Nam',89,'0',54,'0'),(12030928,'104-TRIAL-Trương Hữu  199','Phúc','1995-03-25','Nam',89,'0',54,'0'),(12031101,'206-TRIAL-Trần Thị Cẩm  270','Vân','1995-04-05','Nữ',89,'0',54,'0'),(12031247,'96-TRIAL-Phan Minh  16','Tân','1996-03-05','Nam',77,'0',55,'0'),(12031383,'81-TRIAL-Ngô Thiên  295','Hảo','1995-10-31','Nam',77,'0',55,'0'),(12031486,'172-TRIAL-Nguyễn Văn  143','Ký','1995-02-18','Nam',89,'0',54,'0'),(12031623,'251-TRIAL-Nguyễn Văn  186','Thanh','1995-10-23','Nam',89,'0',54,'0'),(12031887,'169-TRIAL-Nguyễn Quốc  112','Hoãn','1994-06-08','Nam',77,'0',55,'0'),(12032513,'236-TRIAL-Phùng Văn  151','Công','1996-11-03','Nam',24,'00',56,'0'),(12032577,'65-TRIAL-Nguyễn Văn  65','Sơn','2001-11-14','Nam',24,'0',56,'0'),(12032791,'45-TRIAL-Huỳnh Thị Huỳnh  170','Như','1994-09-22','Nam',77,'0',55,'0'),(12032988,'7-TRIAL-Trần Minh  132','Thắng','1996-03-05','Nữ',77,'0',55,'0'),(12033014,'105-TRIAL-Huỳnh Đức Nhân  179','Tâm','1994-10-08','Nam',77,'0',55,'0'),(12033155,'189-TRIAL-Cao Hoài Hoàng  122','Dương','1996-01-21','Nam',77,'0',55,'0'),(12033164,'148-TRIAL-Nguyễn Thị Lan  203','Phương','1996-05-31','Nữ',77,'0',55,'0'),(12033706,'196-TRIAL-Trần Đình  181','Toài','1998-02-01','Nam',24,'0',56,'0'),(12034003,'159-TRIAL-Nguyễn Trần  98','Quốc','1994-09-03','Nữ',77,'0',55,'0'),(12034077,'247-TRIAL-Phạm Thị Hồng  180','Ngọc','1996-08-04','Nữ',77,'0',55,'0'),(12034262,'16-TRIAL-Cao Minh  73','Thương','1994-02-26','Nam',89,'0',54,'0'),(12034284,'299-TRIAL-Nguyễn Trung  110','Kiên','1998-09-08','Nữ',24,'0',56,'0'),(12034529,'147-TRIAL-Mai Hoàng  190','Nam','1999-11-05','Nam',24,'0',56,'0'),(12034559,'58-TRIAL-Lê Hoàng  193','Lâm','2002-04-25','Nữ',24,'0',56,'0'),(12034967,'120-TRIAL-Lê Công  294','Trình','1994-08-20','Nam',77,'0',55,'0'),(12035275,'126-TRIAL-Phạm Minh Hải  84','Âu','2000-02-21','Nữ',24,'0',56,'0'),(12035277,'86-TRIAL-Nghiêm Văn  299','Sang','1998-02-19','Nam',24,'0',56,'0'),(12035369,'131-TRIAL-Lê Đức  67','Phước','1999-09-13','Nữ',24,'0',56,'0'),(12035562,'252-TRIAL-Lê Quang  271','Vinh','1995-04-14','Nữ',77,'0',55,'0'),(12035831,'268-TRIAL-Nguyễn Duy  222','Phương','1996-03-01','Nam',77,'0',55,'0'),(12035924,'147-TRIAL-Võ Sơn  181','Lâm','1994-11-26','Nam',77,'0',55,'0'),(12035956,'47-TRIAL-Nguyễn Bảo  65','Chánh','1994-03-09','Nữ',89,'0',54,'0'),(12036431,'72-TRIAL-Vũ Tiến  6','Dũng','1995-03-24','Nữ',77,'0',55,'0'),(12037178,'268-TRIAL-Nguyễn Hoàng  251','Minh','1994-03-12','Nam',77,'0',55,'0'),(12037329,'259-TRIAL-Trần Đại Quang  253','Tiến','1994-05-19','Nữ',77,'0',55,'0'),(12037535,'155-TRIAL-Dương Trung  25','Nguyên','1997-08-08','Nữ',24,'0',56,'0'),(12038445,'175-TRIAL-Nguyễn Thế  262','Tuấn','1994-04-21','Nữ',77,'0',55,'0'),(12039589,'240-TRIAL-Nguyễn Phan Kim  76','Hiếu','1997-08-05','Nữ',24,'00',56,'0'),(12041072,'235-TRIAL-Hà Văn  272','Thuật','1994-04-04','Nam',77,'0',55,'0'),(12041323,'115-TRIAL-Nguyễn Thị Kim  196','Ngân','2002-05-09','Nam',24,'0',56,'0'),(12041713,'21-TRIAL-Nguyễn Viết  222','Ca','2001-12-25','Nữ',24,'0',56,'0'),(12041969,'35-TRIAL-Nguyễn Văn  159','Mạnh','1994-07-18','Nam',77,'0',55,'0'),(12043444,'61-TRIAL-Trần Thị Hồng  281','Đào','1994-06-18','Nữ',77,'0',55,'0'),(12045367,'20-TRIAL-Nguyễn Trung Tính  214','Em','1994-10-23','Nữ',77,'0',55,'0'),(12046245,'5-TRIAL-Trương Văn  47','Đạt','1995-02-16','Nữ',89,'0',54,'0'),(12051346,'188-TRIAL-Đinh Vũ Ngọc  110','Thắng','1995-04-01','Nam',89,'0',54,'0'),(12054342,'179-TRIAL-Nguyễn Hoàng  206','Sơn','1995-05-23','Nữ',89,'0',54,'0'),(12054832,'93-TRIAL-Hà Nguyễn Thái  90','Học','1995-12-29','Nữ',77,'0',55,'0'),(12054928,'271-TRIAL-Nguyễn Quan  257','Tây','1996-04-28','Nam',77,'0',55,'0'),(12055024,'28-TRIAL-Tạ Hoàng Trang  164','Đài','1996-03-20','Nam',77,'0',55,'0'),(12055029,'271-TRIAL-Nguyễn Trung  263','Tín','1994-06-21','Nam',89,'0',54,'0'),(12055058,'241-TRIAL-Huỳnh Minh  22','Phúc','1994-07-04','Nữ',89,'0',54,'0'),(12055123,'108-TRIAL-Nguyễn Minh  54','Thảo','1996-05-18','Nữ',77,'0',55,'0'),(12055354,'4-TRIAL-Bùi Thế  123','Vinh','1993-05-06','Nữ',89,'0',54,'0'),(12055623,'30-TRIAL-Võ Thanh  246','Hải','2000-05-05','Nam',24,'0',56,'0'),(12055646,'235-TRIAL-Phạm Xuân  297','Sang','1997-06-14','Nam',24,'0',56,'0'),(12056617,'93-TRIAL-Nguyễn Đức  255','Trình','1994-11-17','Nam',77,'0',55,'0'),(12056910,'141-TRIAL-Phạm Tấn  132','Phong','1995-09-14','Nam',89,'0',54,'0'),(12056941,'137-TRIAL-Lại Thị Hồng Mộng  28','Điệp','1995-01-23','Nam',77,'0',55,'0'),(12056946,'93-TRIAL-Lê Trọng  132','Nghĩa','1995-06-27','Nữ',77,'0',55,'0'),(12057345,'76-TRIAL-Tạ Văn  41','Tiền','1995-08-30','Nữ',89,'0',54,'0'),(12057441,'290-TRIAL-Phan Thanh  239','Trí','2001-02-22','Nam',24,'0',56,'0'),(12057496,'195-TRIAL-Trần Đức  139','Nghĩa','1998-11-22','Nữ',24,'0',56,'0'),(12057616,'122-TRIAL-Lê Anh  138','Tài','1995-01-13','Nam',89,'0',54,'0'),(12057658,'143-TRIAL-Trần Phạm Hải  149','Đăng','1996-03-21','Nam',89,'0',54,'0'),(12057996,'113-TRIAL-Đỗ Thành  0','Linh','1995-03-10','Nam',77,'0',55,'0'),(12058042,'160-TRIAL-Nguyễn Anh  189','Tuấn','1992-05-18','Nam',77,'0',55,'0'),(12058430,'288-TRIAL-Hoàng Văn  11','Khương','1997-09-16','Nam',24,'0',56,'0'),(12058529,'202-TRIAL-Nguyễn Tiến  217','Hưng','1994-11-06','Nam',77,'0',55,'0'),(12058543,'158-TRIAL-Đỗ Văn  167','Hiền','1997-09-21','Nữ',24,'0',56,'0'),(12058712,'295-TRIAL-Đinh Lê Anh  244','Tài','1995-07-07','Nữ',77,'0',55,'0'),(12059516,'283-TRIAL-Lê Nguyễn Minh  233','Hoàng','1996-12-26','Nam',77,'0',55,'0'),(12060014,'133-TRIAL-Hoàng Quang  293','Hưng','1995-03-29','Nam',89,'0',54,'0'),(12061126,'38-TRIAL-Dương Minh  41','Sang','1994-03-13','Nam',89,'0',54,'0'),(12063531,'102-TRIAL-Nguyễn Hữu  268','Linh','2001-08-09','Nam',24,'0',56,'0'),(12063889,'88-TRIAL-Tăng Kiến  78','Hiệp','1996-03-23','Nữ',89,'0',54,'0'),(12065739,'264-TRIAL-Nguyễn Thành  210','Trung','1995-04-05','Nữ',77,'0',55,'0'),(12066050,'54-TRIAL-Nguyễn Văn  229','Hải','1995-11-30','Nữ',89,'0',54,'0'),(12066612,'65-TRIAL-Nguyễn Văn  263','Lợi','1995-05-30','Nam',77,'0',55,'0'),(12066798,'298-TRIAL-Ngô Văn  203','Mạnh','1995-01-01','Nữ',77,'0',55,'0'),(12068161,'250-TRIAL-Đặng Anh  222','Trúc','1994-08-05','Nam',89,'0',54,'0'),(12069295,'278-TRIAL-Phạm Văn  120','Thư','1996-02-15','Nam',77,'0',55,'0'),(12070630,'2-TRIAL-Huỳnh Minh  62','Tú','1994-11-27','Nữ',77,'0',55,'0'),(12072007,'217-TRIAL-Lê Xuân  92','Vương','1994-08-27','Nam',77,'0',55,'0'),(12072420,'203-TRIAL-Trần  30','Phương','1996-03-23','Nam',24,'0',56,'0'),(12072790,'295-TRIAL-Nguyễn Thị Thanh  228','Hương','1995-12-29','Nam',77,'0',55,'0'),(12072871,'40-TRIAL-Lâm Bảo  33','Trọng','1995-09-12','Nữ',77,'0',55,'0'),(12073558,'190-TRIAL-Hà Tấn  162','Điềm','1993-11-14','Nam',89,'0',54,'0'),(12073644,'166-TRIAL-Lê Phạm Trung  83','Luân','1994-02-16','Nữ',89,'00',54,'0'),(12074087,'109-TRIAL-Nguyễn Thanh  297','Nghi','1995-04-20','Nữ',89,'0',54,'0'),(12074621,'87-TRIAL-Trần Văn  99','Minh','1994-06-18','Nam',77,'0',55,'0'),(12075093,'40-TRIAL-Nguyễn Thái  228','Hiệp','1999-07-12','Nữ',24,'0',56,'0'),(12075184,'67-TRIAL-Hoàng Thị Mỹ  193','Nữ','1995-10-16','Nữ',77,'0',55,'0'),(12076813,'17-TRIAL-Trần  171','Phú','1993-05-27','Nam',89,'0',54,'0'),(12076860,'34-TRIAL-Huỳnh  159','Hoan','1995-12-25','Nam',77,'0',55,'0'),(12076961,'90-TRIAL-Đoàn Tuấn  11','Anh','1995-04-23','Nam',77,'0',55,'0'),(12076974,'49-TRIAL-Nguyễn Hoàng Thanh  31','Phúc','1995-04-15','Nam',89,'0',54,'0'),(12077071,'231-TRIAL-Lê Tuấn  154','Kiệt','2000-10-31','Nữ',24,'0',56,'0'),(12077908,'53-TRIAL-Thái Nguyễn Nhứt  8','Sinh','1998-09-15','Nữ',24,'0',56,'0'),(12077982,'14-TRIAL-Nguyễn Thiên  190','Thuận','1995-12-16','Nam',89,'0',54,'0'),(12078820,'189-TRIAL-Lê Thanh  258','Tùng','1995-12-22','Nam',24,'0',56,'0'),(12078998,'189-TRIAL-Nguyễn Thanh  103','Huy','1993-09-25','Nữ',89,'0',54,'0'),(12079321,'251-TRIAL-Võ Văn  109','Minh','1994-12-31','Nam',77,'0',55,'0'),(12079827,'228-TRIAL-Phan Nguyễn Nhật  2','Tiến','1990-11-16','Nam',89,'0',54,'0'),(12080811,'46-TRIAL-Nguyễn Thế  189','Trường','1994-08-23','Nam',77,'0',55,'0'),(12081263,'55-TRIAL-Phạm Trường  120','An','1998-01-28','Nam',24,'0',56,'0'),(12081600,'37-TRIAL-Đinh Tiến  10','Nam','1998-04-20','Nữ',24,'0',56,'0'),(12083969,'25-TRIAL-Vũ Mạnh  118','Hà','1994-10-19','Nam',89,'0',54,'0'),(12084117,'39-TRIAL-Nguyễn Thanh  147','Huy','1992-04-12','Nữ',89,'0',54,'0'),(12085579,'94-TRIAL-Hồ Viết  99','Linh','1993-03-04','Nam',89,'0',54,'0'),(12089642,'197-TRIAL-Lý  242','Hoàng','2001-11-25','Nữ',24,'0',56,'0'),(12094370,'69-TRIAL-Trần Văn  36','Cư','1983-09-20','Nam',89,'0',54,'0'),(12098824,'124-TRIAL-Đinh Thị  181','Hoài','1995-04-17','Nữ',77,'0',55,'0'),(12102252,'137-TRIAL-Trần Lê Yến  207','Nhi','1996-02-03','Nam',77,'0',55,'0'),(12107762,'177-TRIAL-Phạm Trường  119','Giang','1995-05-19','Nam',77,'0',55,'0'),(12110565,'241-TRIAL-Lương Vĩnh  215','Hiếu','1995-04-25','Nữ',89,'0',54,'0'),(12117238,'129-TRIAL-Trần Anh  148','Tuấn','1995-01-01','Nam',77,'0',55,'0'),(12124239,'170-TRIAL-Phạm Văn  262','Thảo','1995-01-18','Nam',24,'0',56,'0'),(12124459,'93-TRIAL-Trần An  5','Hải','1996-09-12','Nữ',77,'0',55,'0'),(12125509,'234-TRIAL-Trần Ngọc  91','Ánh','1997-05-12','Nữ',24,'0',56,'0'),(12125565,'21-TRIAL-Phùng Anh  124','Quân','1996-05-08','Nữ',77,'0',55,'0'),(12125660,'66-TRIAL-Nguyễn Thành  102','Đức','1995-05-30','Nam',77,'0',55,'0'),(12125664,'8-TRIAL-Văn Phú Hoàng  132','Vũ','1994-10-20','Nam',24,'0',56,'0'),(12126102,'188-TRIAL-Nguyễn Trung  241','Quang','1999-02-21','Nữ',24,'0',56,'0'),(12126199,'133-TRIAL-Nguyễn Quốc  8','Anh','1995-02-07','Nam',89,'0',54,'0'),(12126289,'261-TRIAL-Lê Tuấn  120','Anh','1996-04-22','Nữ',77,'0',55,'0'),(12126626,'56-TRIAL-Huỳnh Hữu  61','Minh','1996-07-19','Nữ',77,'0',55,'0'),(12127250,'207-TRIAL-Nguyễn Xuân  184','Sang','2001-10-15','Nữ',24,'0',56,'0'),(12129221,'155-TRIAL-Nguyễn Mạnh  60','Thắng','2000-08-21','Nữ',24,'0',56,'0'),(12129616,'275-TRIAL-Nguyễn Tấn  228','Thuyền','1998-01-21','Nam',24,'0',56,'0'),(12131227,'253-TRIAL-Phạm Thị  192','Lai','1996-10-19','Nữ',77,'0',55,'0'),(12132423,'162-TRIAL-Mai Hoàng  109','Hiếu','1996-06-01','Nam',77,'0',55,'0'),(12132581,'123-TRIAL-Châu Thị ái  229','Loan','1995-08-24','Nam',77,'0',55,'0'),(12132643,'122-TRIAL-Nguyễn Viết  83','Nghĩa','1996-09-09','Nữ',24,'0',56,'0'),(12133030,'42-TRIAL-Phạm Thị Kim  117','Hiền','2000-03-30','Nữ',24,'0',56,'0'),(12134548,'219-TRIAL-Nguyễn Thanh  131','Khoa','1994-12-25','Nữ',89,'0',54,'0'),(12135483,'269-TRIAL-Ngô Quốc  216','Toàn','1994-03-20','Nữ',77,'0',55,'0'),(12136854,'117-TRIAL-Phan Lê  243','Trí','1996-09-30','Nữ',77,'0',55,'0'),(12136899,'264-TRIAL-Nguyễn Văn  254','Nam','1999-08-29','Nam',24,'0',56,'0'),(12137201,'276-TRIAL-Đoàn Ngọc  79','Giỏi','1995-06-05','Nữ',24,'0',56,'0'),(12139028,'161-TRIAL-Đinh Văn  63','Hiển','1995-07-01','Nam',77,'0',55,'0'),(12139683,'174-TRIAL-Phạm Văn  146','Quang','1995-02-18','Nữ',89,'0',54,'0'),(12140756,'161-TRIAL-Nguyễn Huỳnh  191','Phúc','1994-12-28','Nam',89,'0',54,'0'),(12143400,'217-TRIAL- Lê Ngọc  114','Trường','1994-09-24','Nữ',77,'0',55,'0'),(12145340,'281-TRIAL- Trần Bá  103','Đạt','1995-11-12','Nữ',77,'0',55,'0'),(12145611,'181-TRIAL-Dương Ngọc  267','Đinh','1999-04-15','Nam',24,'0',56,'0'),(12146824,'71-TRIAL-Phùng Văn  247','Quyết','1997-03-23','Nữ',24,'0',56,'0'),(12147930,'240-TRIAL- Nguyễn Quốc  30','Thạch','1994-07-31','Nữ',77,'0',55,'0'),(12149614,'131-TRIAL-Trần Thị Trúc  44','Trinh','2000-12-16','Nữ',24,'0',56,'0'),(12150285,'179-TRIAL-Nguyễn Văn  216','Quốc','1994-04-09','Nữ',89,'0',54,'0'),(12150366,'154-TRIAL-Bùi Văn  272','Giang','1998-09-04','Nữ',24,'0',56,'0'),(12151010,'59-TRIAL-Lê Công  41','Cường','2001-03-17','Nữ',24,'0',56,'0'),(12151263,'60-TRIAL-Kiên Thị Tuyết  108','Hương','2001-05-11','Nữ',24,'0',56,'0'),(12152397,'69-TRIAL-Lê Bá  183','Khiêm','1997-08-10','Nam',24,'0',56,'0'),(12154288,'253-TRIAL-Đoàn Tấn  135','TIến','1994-05-21','Nam',77,'0',55,'0'),(13008262,'37-TRIAL-Trần Ngọc Bích  74','Trâm','1995-09-28','Nữ',48,'0',51,'0'),(13008473,'230-TRIAL-Đặng Viết  13','Tuấn','1996-11-17','Nữ',79,'0',53,'0'),(13008474,'82-TRIAL-Nguyễn Thiên  69','Phát','1996-02-12','Nam',48,'0',51,'0'),(13009042,'5-TRIAL-Lê Nguyễn Trung  13','Hiếu','1996-05-24','Nữ',1,'0',50,'0'),(13009063,'246-TRIAL-Huỳnh Văn  209','Hiếu','1996-02-24','Nam',79,'0',53,'0'),(13009293,'40-TRIAL-Huỳnh Trung  62','Hiếu','1995-06-24','Nữ',31,'0',52,'0'),(13009317,'176-TRIAL-Nguyễn  154','Du','1995-11-22','Nữ',79,'0',53,'0'),(13009531,'129-TRIAL-Trương Hữu  211','Nhân','1996-03-19','Nam',79,'0',53,'0'),(13009793,'243-TRIAL-Đặng Quốc  100','Anh','1994-11-07','Nữ',48,'0',51,'0'),(13009809,'40-TRIAL-Lê Huỳnh Đặng Hoàng  186','Bảo','1996-02-25','Nữ',48,'0',51,'0'),(13009897,'131-TRIAL-Nguyễn Thành  287','Quyết','1995-09-30','Nam',79,'0',53,'0'),(13009969,'93-TRIAL-Chống Thiện  99','Truyền','1996-10-28','Nam',1,'0',50,'0'),(13010014,'38-TRIAL-Hồ Sỹ Hoàng  1','Linh','1996-10-18','Nam',79,'0',53,'0'),(13010321,'28-TRIAL-Thái Huỳnh Khả  29','Vi','1996-02-17','Nữ',48,'0',51,'0'),(13010468,'237-TRIAL-Nguyễn Đức  102','Trung','1996-03-07','Nữ',48,'0',51,'0'),(13010726,'95-TRIAL-Ngô Thanh  297','Phong','1996-06-06','Nam',48,'0',51,'0'),(13010728,'228-TRIAL-Trần Vũ  256','Tuấn','1995-02-21','Nữ',48,'0',51,'0'),(13010768,'78-TRIAL-Trần Văn  45','Phước','1997-09-12','Nam',48,'0',51,'0'),(13010797,'48-TRIAL-Nguyễn Tuấn  281','Nam','1996-11-01','Nữ',1,'0',50,'0'),(13010943,'160-TRIAL-Hoàng Ngọc  71','Huy','1994-05-29','Nữ',1,'0',50,'0'),(13010975,'142-TRIAL-Nguyễn Duy  11','Minh','1996-01-18','Nữ',48,'0',51,'0'),(13011316,'26-TRIAL-Nguyễn Quốc  206','Hưng','1996-05-05','Nam',31,'0',52,'0'),(13011472,'135-TRIAL-Nguyễn Quốc  24','Cường','1996-01-11','Nam',48,'0',51,'0'),(13011487,'140-TRIAL-Nguyễn Doãn  237','Công','1997-05-16','Nữ',79,'0',53,'0'),(13011576,'211-TRIAL-Phạm Tuấn  125','An','1995-05-11','Nữ',48,'0',51,'0'),(13011622,'35-TRIAL-Ngô Hoàng  98','Lam','1996-05-06','Nữ',1,'0',50,'0'),(13011950,'86-TRIAL-Trịnh Giao  294','Linh','1995-12-21','Nữ',31,'0',52,'0'),(13012085,'70-TRIAL-Ngô Duy  90','Khánh','1994-03-31','Nữ',1,'0',50,'0'),(13012273,'141-TRIAL-Vũ Phạm Hoàng  246','Minh','1996-01-23','Nam',1,'0',50,'0'),(13012343,'267-TRIAL-Bùi Thái  287','Sơn','1995-09-15','Nữ',1,'0',50,'0'),(13012389,'221-TRIAL-Nguyễn Đông  92','Hải','1995-11-16','Nam',31,'0',52,'0'),(13012445,'225-TRIAL-Lưu Văn  28','Vui','1993-02-15','Nữ',79,'0',53,'0'),(13012556,'36-TRIAL-Hồ Thành  47','Công','1995-04-11','Nam',1,'0',50,'0'),(13012565,'199-TRIAL-Nguyễn Nhựt  156','Tiến','1994-08-16','Nam',79,'0',53,'0'),(13012679,'293-TRIAL-Hoàng Đình  187','Phúc','1997-06-04','Nam',79,'0',53,'0'),(13012750,'42-TRIAL-Nguyễn Khánh  204','Linh','1995-04-06','Nam',1,'0',50,'0'),(13012917,'25-TRIAL-Lê Khắc Sinh  219','Nhựt','1995-03-20','Nam',1,'0',50,'0'),(13013017,'232-TRIAL-Lê Quang  51','Huy','1996-03-21','Nữ',31,'0',52,'0'),(13013034,'118-TRIAL-Lê Anh  184','Vũ','1996-08-11','Nữ',48,'0',51,'0'),(13013167,'227-TRIAL-Phan Trịnh An  248','Khang','1996-05-02','Nữ',1,'0',50,'0'),(13013238,'184-TRIAL-Đặng Minh  243','Phú','1993-10-21','Nam',1,'0',50,'0'),(13013360,'93-TRIAL-Nguyễn Trí  274','Thức','1996-09-30','Nam',48,'0',51,'0'),(13013363,'238-TRIAL-Nguyễn Thị Bích  111','Truyền','1996-01-07','Nam',31,'0',52,'0'),(13013662,'206-TRIAL-Nguyễn Nam  71','Huy','1997-03-07','Nam',79,'0',53,'0'),(13013983,'23-TRIAL-Bùi Văn  6','Ngoan','1996-02-03','Nữ',31,'0',52,'0'),(13014439,'297-TRIAL-Phạm Hồng  136','Quang','1997-04-28','Nam',48,'0',51,'0'),(13014456,'241-TRIAL-Nguyễn Bảo  145','Giang','1995-10-02','Nữ',1,'0',50,'0'),(13014495,'156-TRIAL-Ngô Thế  217','Hùng','1995-11-25','Nam',79,'0',53,'0'),(13014583,'189-TRIAL-Nguyễn Minh  258','Quân','1997-06-26','Nam',48,'0',51,'0'),(13014591,'22-TRIAL-Đoàn Hữu  229','Thịnh','1995-07-10','Nữ',31,'0',52,'0'),(13014707,'251-TRIAL-Mai Anh  97','Huy','1996-06-21','Nữ',48,'0',51,'0'),(13014974,'11-TRIAL-Lê Minh  25','Hảo','1996-01-01','Nữ',48,'0',51,'0'),(13015218,'288-TRIAL-Đào Duy  21','Huân','1995-03-01','Nam',1,'0',50,'0'),(13015391,'45-TRIAL-Trần Hoàng  228','Hải','1996-03-01','Nam',48,'0',51,'0'),(13015609,'206-TRIAL-Nguyễn Tấn  284','Phát','1995-10-14','Nam',79,'0',53,'0'),(13015982,'260-TRIAL-Nguyễn Hoàng  297','Phú','1997-05-05','Nữ',79,'0',53,'0'),(13015989,'243-TRIAL-Nguyễn Duy  277','Khởi','1997-03-02','Nam',79,'0',53,'0'),(13015999,'88-TRIAL-Phan Lê Cao  15','Đắng','1996-11-04','Nữ',79,'0',53,'0'),(13016502,'137-TRIAL-Võ Thanh  285','Nhàn','1995-12-09','Nữ',31,'0',52,'0'),(13016692,'37-TRIAL-Vũ Thị Kim  233','Phương','1997-01-30','Nữ',48,'0',51,'0'),(13016788,'241-TRIAL-Lại Hoàng  132','Lâm','1995-03-26','Nữ',79,'0',53,'0'),(13016820,'140-TRIAL-Trang Hoài  87','Phong','1997-02-28','Nam',79,'0',53,'0'),(13017024,'74-TRIAL-Trần Vũ Hồng  234','Phúc','1995-09-04','Nam',79,'0',53,'0'),(13017096,'112-TRIAL-Huỳnh Quang  284','Khải','1996-04-06','Nữ',1,'0',50,'0'),(13017197,'284-TRIAL-Đỗ Cao  160','Huy','1995-03-20','Nam',31,'0',52,'0'),(13017500,'131-TRIAL-Lê Duy  297','Tiến','1996-10-14','Nữ',48,'0',51,'0'),(13017648,'184-TRIAL-Trần Nguyễn Tuấn  292','Hậu','1996-02-15','Nam',48,'0',51,'0'),(13018074,'142-TRIAL-Nguyễn Đình  37','Tuấn','1994-09-27','Nữ',31,'0',52,'0'),(13018092,'54-TRIAL-Võ Thanh  65','Lân','1995-11-17','Nam',1,'0',50,'0'),(13018180,'147-TRIAL-Lê Tuấn  18','Khoa','1997-04-02','Nữ',79,'0',53,'0'),(13018235,'34-TRIAL-Lê Anh  115','Tiến','1996-04-20','Nữ',31,'0',52,'0'),(13018432,'149-TRIAL-Nguyễn Ngọc  71','Tâm','1997-08-06','Nam',79,'0',53,'0'),(13018449,'168-TRIAL-Nguyễn Hương  106','Trầm','1995-11-16','Nam',31,'0',52,'0'),(13018512,'84-TRIAL-Nguyễn Quân  247','Lực','1995-07-17','Nam',31,'0',52,'0'),(13018514,'250-TRIAL-Nguyễn Quang  104','Trãi','1997-04-02','Nữ',48,'0',51,'0'),(13018854,'207-TRIAL-Nguyễn Lê  166','Phước','1997-06-28','Nam',79,'0',53,'0'),(13019275,'258-TRIAL-Trần Phong Thanh  196','Nhàn','1995-10-13','Nữ',1,'0',50,'0'),(13019276,'139-TRIAL-Phạm Quang Kinh  126','Luân','1995-06-20','Nam',48,'0',51,'0'),(13019329,'279-TRIAL-Giảng Trần Duy  201','Khang','1996-01-07','Nam',1,'0',50,'0'),(13019767,'61-TRIAL-Nguyễn Lê Trung  280','Hiếu','1996-01-20','Nữ',1,'0',50,'0'),(13020176,'52-TRIAL-Trịnh Quốc  79','Sang','1997-06-13','Nam',79,'0',53,'0'),(13020200,'109-TRIAL-Nguyễn Tô Hữu  171','Phước','1995-12-05','Nam',31,'0',52,'0'),(13020244,'236-TRIAL-Nguyễn Bạch  269','Vân','1996-07-03','Nữ',48,'0',51,'0'),(13020604,'216-TRIAL-Võ Dương Quốc  81','Thịnh','1995-08-11','Nam',1,'0',50,'0'),(13020675,'288-TRIAL-Giang Thanh  19','Dũng','1997-04-08','Nữ',79,'0',53,'0'),(13020893,'12-TRIAL-Trần Huy  184','Hoàng','1996-05-21','Nam',1,'0',50,'0'),(13020944,'22-TRIAL-Phan Thanh  241','Phước','1996-07-10','Nam',1,'0',50,'0'),(13020945,'55-TRIAL-Trần Đình Tuấn  287','Vũ','1993-05-15','Nam',1,'0',50,'0'),(13021023,'241-TRIAL-Nguyễn Hoài 172','An','1996-07-19','Nam',79,'0',53,'0'),(13021269,'115-TRIAL-Phan Minh  174','Phúc','1995-11-26','Nam',1,'0',50,'0'),(13021301,'234-TRIAL-Huỳnh Đăng  296','Vũ','1996-06-20','Nữ',79,'0',53,'0'),(13021465,'271-TRIAL-Phạm Tấn  259','Hòa','1996-11-10','Nam',79,'0',53,'0'),(13021745,'2-TRIAL-Nguyễn Hữu  166','Vinh','1996-12-11','Nữ',1,'0',50,'0'),(13021956,'101-TRIAL-Đinh Hoàng  226','Lâm','1996-05-30','Nữ',79,'0',53,'0'),(13022345,'236-TRIAL-Nguyễn Thường  295','Tí','1996-08-15','Nữ',79,'0',53,'0'),(13022576,'150-TRIAL-Mai Ngọc  290','Hiếu','1995-07-02','Nữ',48,'0',51,'0'),(13022736,'29-TRIAL-Nguyễn Mậu  134','Hiếu','1995-01-10','Nữ',31,'0',52,'0'),(13022769,'166-TRIAL-Mai Xuân  16','Tín','1996-01-06','Nam',48,'0',51,'0'),(13022805,'38-TRIAL-Phan Minh  254','Trung','1996-08-10','Nam',48,'0',51,'0'),(13023045,'165-TRIAL-Trần Đức  96','Khiên','1996-08-23','Nam',79,'0',53,'0'),(13023079,'153-TRIAL-Võ Cao  179','Cường','1996-04-30','Nam',31,'0',52,'0'),(13023325,'13-TRIAL-Phạm Duy  207','Khang','1995-05-21','Nam',31,'0',52,'0'),(13023425,'242-TRIAL-Đoàn Minh  198','Đức','1995-05-07','Nam',31,'0',52,'0'),(13023432,'46-TRIAL-Đỗ Phạm Phương  165','Linh','1996-11-18','Nam',1,'0',50,'0'),(13023749,'284-TRIAL-Đinh Văn  70','Quảng','1994-12-07','Nữ',1,'0',50,'0'),(13024059,'167-TRIAL-Thái Bình  115','Nhiên','1996-04-28','Nam',31,'0',52,'0'),(13024171,'92-TRIAL-Nguyễn Hoàng  97','Huy','1996-12-20','Nam',1,'0',50,'0'),(13024201,'199-TRIAL-Bùi Hoàng  99','Tuấn','1997-06-20','Nam',79,'0',53,'0'),(13024231,'41-TRIAL-Nguyễn Ngọc Tường  299','Đan','1995-10-10','Nam',1,'0',50,'0'),(13024349,'159-TRIAL-Nông Tuấn  206','Anh','1995-10-05','Nữ',79,'0',53,'0'),(13024432,'246-TRIAL-Lê Thanh  145','Phúc','1996-04-11','Nữ',48,'0',51,'0'),(13024695,'205-TRIAL-Trương Khánh  197','Sỹ','1995-07-23','Nữ',79,'0',53,'0'),(13024822,'55-TRIAL-Trần Viết  133','Anh','1995-09-22','Nam',1,'0',50,'0'),(13024848,'272-TRIAL-Nguyễn Thành  76','Phú','1995-08-09','Nam',48,'0',51,'0'),(13025055,'238-TRIAL-Nông Văn  157','Vĩnh','1995-12-27','Nữ',1,'0',50,'0'),(13025699,'61-TRIAL-Lê Tuấn  219','Anh','1996-02-13','Nữ',48,'0',51,'0'),(13025992,'121-TRIAL-Nguyễn Huỳnh Kim  298','Huyền','1997-07-11','Nữ',48,'0',51,'0'),(13026485,'83-TRIAL-Nguyễn Ngọc  247','Thiên','1994-12-02','Nam',79,'0',53,'0'),(13027086,'255-TRIAL-Phạm Minh  266','Luân','1997-02-03','Nữ',79,'0',53,'0'),(13027190,'2-TRIAL-Đoàn Quốc  184','Thái','1995-09-11','Nữ',31,'0',52,'0'),(13027277,'88-TRIAL-Trần Sỹ  120','Nguyên','1997-03-15','Nam',1,'0',50,'0'),(13027552,'62-TRIAL-Dương  143','Hiếu','1996-09-05','Nam',1,'0',50,'0'),(13027618,'188-TRIAL-Lê Hoàng  115','Đạt','1996-09-07','Nam',48,'0',51,'0'),(13027939,'69-TRIAL-Trịnh Thị  275','Dung','1994-02-09','Nam',79,'0',53,'0'),(13027986,'180-TRIAL-Võ Trần Kim  73','Uyên','1996-02-28','Nam',31,'0',52,'0'),(13028054,'113-TRIAL-Trần Hoàng  35','Nhi','1997-01-18','Nam',48,'0',51,'0'),(13028073,'260-TRIAL-Trần Vĩnh  82','Thảo','1996-03-07','Nam',48,'0',51,'0'),(13028254,'296-TRIAL-Tướng Thị  286','Thương','1996-05-31','Nam',1,'0',50,'0'),(13028608,'39-TRIAL-Phan Công  172','Lâm','1995-08-27','Nam',31,'0',52,'0'),(13029080,'260-TRIAL-Nguyễn Triều  210','Duy','1996-06-26','Nam',31,'0',52,'0'),(13029134,'276-TRIAL-Võ Duy  56','Phương','1995-02-26','Nam',1,'0',50,'0'),(13029190,'156-TRIAL-Vũ Tuấn  86','Anh','1995-11-28','Nữ',48,'0',51,'0'),(13029340,'160-TRIAL-Nguyễn Đức  114','Minh','1995-07-26','Nữ',48,'0',51,'0'),(13029416,'79-TRIAL-Bùi Minh  79','Hiếu','1996-04-09','Nữ',1,'0',50,'0'),(13029812,'8-TRIAL-Phạm Thành  65','Trung','1995-10-05','Nữ',1,'0',50,'0'),(13029897,'215-TRIAL-Hồ Viết  229','Linh','1995-07-21','Nam',31,'0',52,'0'),(13030215,'114-TRIAL-Võ Văn  166','Toàn','1995-10-19','Nữ',48,'0',51,'0'),(13030612,'78-TRIAL-Nguyễn Hoàng  206','Cũ','1995-12-31','Nữ',1,'0',50,'0'),(13031096,'34-TRIAL-Nguyễn Thanh  202','Phong','1997-09-24','Nam',79,'0',53,'0'),(13031140,'6-TRIAL-Lê Anh  70','Lộc','1996-03-23','Nam',31,'00',52,'0'),(13031263,'126-TRIAL-Nguyễn Văn  293','Tấn','1995-09-30','Nam',31,'0',52,'0'),(13031649,'19-TRIAL-Trương Thành  196','Đạt','1996-07-16','Nữ',79,'0',53,'0'),(13031778,'86-TRIAL-Tăng Quốc  9','Bảo','1996-10-02','Nam',79,'0',53,'0'),(13031781,'268-TRIAL-Nguyễn Trần Trọng  69','Phúc','1995-11-08','Nữ',79,'0',53,'0'),(13031916,'24-TRIAL-Lồ Nguyệt  211','Phương','1996-07-17','Nam',31,'0',52,'0'),(13032009,'258-TRIAL-Bùi Vương  195','Thắng','1995-12-25','Nữ',1,'0',50,'0'),(13032108,'8-TRIAL-Nguyễn Thành  205','Công','1997-07-27','Nữ',79,'0',53,'0'),(13032247,'213-TRIAL-Phạm Văn Công  32','Đinh','1996-07-29','Nam',1,'0',50,'0'),(13032281,'183-TRIAL-Y`  64','Bình','1995-10-08','Nam',48,'0',51,'0'),(13032769,'92-TRIAL-Nguyễn Hoàng  131','Huy','1996-06-07','Nam',48,'0',51,'0'),(13032931,'166-TRIAL-Mai Quốc  287','Qui','1996-02-09','Nam',1,'0',50,'0'),(13033789,'256-TRIAL-Lê Thanh  147','Lộc','1995-09-04','Nam',1,'0',50,'0'),(13034502,'124-TRIAL-Bùi Trọng  176','Dũng','1996-03-10','Nữ',79,'0',53,'0'),(13034582,'123-TRIAL-Vũ Thị  139','Hồng','1996-06-12','Nữ',31,'0',52,'0'),(13034587,'199-TRIAL-Phan Thanh  14','Toàn','1996-12-06','Nam',48,'178-TRIAL-',51,'0'),(13034729,'246-TRIAL-Nguyễn Anh  137','Quốc','1996-09-07','Nam',79,'0',53,'0'),(13034945,'256-TRIAL-Nguyễn Đình  156','Giao','1995-09-22','Nữ',48,'0',51,'0'),(13034993,'296-TRIAL-Vương Huỳnh Tuấn  26','Khải','1994-09-08','Nữ',31,'0',52,'0'),(13035489,'17-TRIAL-Phạm Trần Thanh  44','Phú','1995-06-26','Nam',48,'0',51,'0'),(13035834,'117-TRIAL-Nguyễn Quốc  193','Điền','1995-11-02','Nam',1,'285-TRIAL-',50,'0'),(13036307,'95-TRIAL-Vũ Văn  226','Tuấn','1996-03-22','Nữ',48,'0',51,'0'),(13036892,'254-TRIAL-Lê Thành  22','Phương','1995-05-17','Nam',48,'0',51,'0'),(13036972,'279-TRIAL-Nguyễn Võ An  99','Khang','1995-10-12','Nữ',48,'00',51,'0'),(13037586,'274-TRIAL-Nguyễn Ngọc  126','Sơn','1996-08-26','Nữ',79,'0',53,'0'),(13037893,'33-TRIAL-Trương Phương  137','Giang','1996-09-20','Nữ',79,'0',53,'0'),(13038003,'272-TRIAL-Phạm Văn  245','Duẩn','1995-04-15','Nữ',1,'0',50,'0'),(13038184,'116-TRIAL-Nguyễn Thế  132','Long','1996-10-12','Nữ',1,'0',50,'0'),(13038370,'206-TRIAL-Nguyễn Siêu  283','Luân','1996-11-25','Nam',48,'0',51,'0'),(13038661,'253-TRIAL-Phan Văn  242','Tuấn','1995-12-03','Nam',48,'0',51,'0'),(13038797,'35-TRIAL-Phạm Minh  90','Hải','1994-10-11','Nam',31,'0',52,'0'),(13038921,'2-TRIAL-Trịnh Quang  183','Tuyền','1996-08-04','Nữ',1,'0',50,'0'),(13039093,'169-TRIAL-Hồ Minh  259','Phương','1996-09-11','Nữ',79,'0',53,'0'),(13039215,'248-TRIAL-Nguyễn  44','TÚ','1995-06-13','Nữ',1,'0',50,'0'),(13039448,'26-TRIAL-Nguyễn Công  72','Thành','1995-05-11','Nam',79,'0',53,'0'),(13040023,'132-TRIAL-Bùi Hữu  38','Vinh','1995-11-04','Nữ',31,'0',52,'0'),(13040079,'278-TRIAL-Nguyễn Thị Huyền  138','Diệu','1996-05-22','Nam',79,'0',53,'0'),(13040533,'267-TRIAL-Bùi Quốc  58','Huy','1996-05-26','Nữ',31,'0',52,'0'),(13040807,'0-TRIAL-Lê Vũ  268','Trung','1996-04-21','Nam',79,'0',53,'0'),(13040898,'17-TRIAL-Lý Quốc  73','Anh','1996-06-18','Nữ',31,'0',52,'0'),(13041196,'25-TRIAL-Lê Đình  167','Duy','1995-03-11','Nam',79,'0',53,'0'),(13041676,'290-TRIAL-Nguyễn Thị  211','Hà','1995-12-15','Nữ',79,'0',53,'00'),(13041761,'265-TRIAL-Lê Thị Bảo  242','Châu','1997-03-22','Nam',79,'0',53,'0'),(13041869,'30-TRIAL-Huỳnh Hữu  9','Tài','1996-04-17','Nam',1,'0',50,'0'),(13041889,'93-TRIAL-Nguyễn Vũ Thành  84','Linh','1996-01-09','Nam',31,'0',52,'0'),(13042066,'234-TRIAL-Mai Thanh  49','Trường','1995-12-06','Nữ',79,'0',53,'00'),(13042624,'177-TRIAL-Lê Nhật  260','Ánh','1995-03-01','Nữ',1,'0',50,'0'),(13042899,'216-TRIAL-Mai Ngọc  150','Bắc','1996-07-20','Nam',48,'0',51,'0'),(13042980,'166-TRIAL-Phạm Ngọc  185','Hải','1995-08-14','Nữ',79,'00',53,'0'),(13043006,'220-TRIAL-Lữ Văn  235','Trung','1995-12-28','Nữ',31,'0',52,'0'),(13043241,'83-TRIAL-Nguyễn Thị  199','Nhàn','1996-09-01','Nam',48,'0',51,'0'),(13043296,'95-TRIAL-Lê Hoàn  286','Vũ','1996-08-16','Nữ',31,'0',52,'0'),(13043529,'101-TRIAL-Võ Văn  249','Thông','1996-09-19','Nam',31,'0',52,'0'),(13043782,'296-TRIAL-Huỳnh Văn  133','Thiên','1996-03-04','Nữ',1,'0',50,'0'),(13043898,'239-TRIAL-Trần Trọng  184','Vĩnh','1996-10-19','Nam',48,'0',51,'0'),(13044288,'240-TRIAL-Hoàng Thanh  269','Hùng','1994-10-14','Nam',79,'0',53,'0'),(13044475,'263-TRIAL-Nguyễn Văn  220','Thanh','1994-10-12','Nam',79,'0',53,'0'),(13044577,'75-TRIAL-Lục Mỹ  196','Hảo','1996-01-07','Nữ',31,'0',52,'0'),(13044738,'241-TRIAL-Nguyễn Viết Nhật  97','Quang','1996-07-09','Nam',1,'0',50,'0'),(13045112,'100-TRIAL-Hoàng Văn  32','Thiên','1997-02-25','Nam',79,'0',53,'0'),(13045656,'153-TRIAL-Lê Đăng  27','Quý','1995-08-25','Nữ',31,'0',52,'0'),(13045661,'77-TRIAL-Võ Phan Hồng  99','Dung','1995-07-08','Nữ',31,'0',52,'0'),(13045818,'76-TRIAL-Nguyễn Minh  29','Truyền','1996-04-06','Nữ',79,'0',53,'0'),(13046003,'199-TRIAL-Phạm Thị  57','Dịu','1996-05-18','Nữ',31,'0',52,'0'),(13046361,'75-TRIAL-Trần Minh  199','Dũng','1995-06-10','Nam',48,'0',51,'0'),(13046454,'124-TRIAL-Sú Lê Thanh  295','Lâm','1995-04-18','Nữ',1,'0',50,'0'),(13046809,'140-TRIAL-Đặng Văn  255','Tý','1996-05-15','Nam',48,'0',51,'0'),(13046870,'258-TRIAL-Tô Thái  58','Trường','1996-03-10','Nữ',48,'0',51,'0'),(13046979,'80-TRIAL-Nguyễn Viết  70','Khánh','1995-10-29','Nữ',31,'0',52,'0'),(13047204,'6-TRIAL-Lê Văn  268','Vui','1994-11-03','Nữ',1,'0',50,'0'),(13047218,'212-TRIAL-Trần Thiên  247','Văn','1997-07-22','Nam',79,'0',53,'0'),(13047339,'150-TRIAL-Võ Đình  70','Liêm','1994-11-21','Nữ',79,'0',53,'0'),(13047396,'163-TRIAL-Lê Thanh  216','Thoại','1995-08-10','Nam',79,'0',53,'0'),(13047429,'239-TRIAL-Trần Tiến  82','Dũng','1995-03-12','Nữ',48,'0',51,'0'),(13047568,'137-TRIAL-Nguyễn Trần  295','Quyết','1993-09-07','Nam',79,'0',53,'0'),(13047694,'171-TRIAL-Lê Ngọc Bảo  190','Nguyên','1996-12-10','Nam',79,'0',53,'0'),(13048059,'38-TRIAL-Nguyễn Hải  156','Dương','1995-09-19','Nam',79,'0',53,'0'),(13048069,'89-TRIAL-Nguyễn Tuấn  25','Anh','1994-10-03','Nam',31,'0',52,'0'),(13048152,'117-TRIAL-Lê Văn  192','Thành','1996-08-27','Nữ',48,'0',51,'0'),(13048395,'1-TRIAL-Nguyễn Anh Duy  193','Khang','1995-10-10','Nữ',1,'0',50,'0'),(13048759,'142-TRIAL-Phạm Minh  180','Thức','1996-08-23','Nam',79,'0',53,'0'),(13048817,'182-TRIAL-Trương Thanh  82','Đam','1996-08-15','Nữ',31,'0',52,'0'),(13049410,'192-TRIAL-Trần Đình Kiến Duy  235','Nguyên','1996-07-12','Nam',1,'0',50,'0'),(13049797,'230-TRIAL-Nguyễn Thị ánh  129','Nguyệt','1996-06-03','Nữ',1,'0',50,'0'),(13050046,'20-TRIAL-Nguyễn Văn  144','Nghĩa','1995-01-15','Nam',31,'0',52,'0'),(13050264,'258-TRIAL-Phan Văn  75','Cương','1996-05-27','Nam',31,'0',52,'0'),(13050389,'287-TRIAL-Nguyễn Đình Hữu  141','Văn','1997-01-30','Nữ',1,'0',50,'0'),(13050763,'2-TRIAL-Hồ Văn  0','Tình','1996-11-05','Nữ',48,'0',51,'0'),(13050996,'215-TRIAL-Phạm  52','Mỹ','1994-08-10','Nữ',1,'0',50,'0'),(13051113,'242-TRIAL-Nguyễn Thị ánh  259','Tuyết','1995-07-31','Nam',31,'0',52,'0'),(13051165,'280-TRIAL-Nguyễn Sỹ  179','Hiệp','1995-07-14','Nam',31,'0',52,'0'),(13051304,'242-TRIAL-Nguyễn Quang  248','Quỳnh','1996-08-27','Nam',79,'0',53,'0'),(13051373,'139-TRIAL-Cao Ngọc  246','Hải','1996-03-06','Nữ',31,'0',52,'0'),(13051440,'250-TRIAL-Nguyễn Minh  48','Đế','1996-07-17','Nam',79,'0',53,'0'),(13051457,'52-TRIAL-Phan Văn  262','Hà','1995-08-16','Nam',31,'0',52,'0'),(13051608,'86-TRIAL-Bùi Ngọc  119','Tú','1996-01-18','Nam',1,'0',50,'0'),(13052407,'196-TRIAL-Nguyễn Văn  41','Du','1996-02-19','Nam',48,'0',51,'0'),(13052623,'20-TRIAL-Nguyễn Văn  10','Hải','1995-08-20','Nữ',79,'0',53,'0'),(13052632,'69-TRIAL-Phạm Duy  52','An','1996-05-09','Nữ',48,'0',51,'0'),(13052787,'266-TRIAL-Huỳnh Thị  83','Thừa','1996-09-25','Nữ',48,'0',51,'0'),(13052953,'205-TRIAL-Phạm Hồng  12','Bình','1995-06-21','Nữ',31,'0',52,'0'),(13053398,'83-TRIAL-Nguyễn Hữu  287','Lam','1995-08-17','Nữ',1,'0',50,'0'),(13053507,'160-TRIAL-Phan Anh  105','Tuấn','1996-11-13','Nam',79,'0',53,'0'),(13053727,'209-TRIAL-Nguyễn Đoàn Anh  223','Thư','1995-08-24','Nam',31,'0',52,'0'),(13054048,'49-TRIAL-Mai Cu  91','An','1996-08-14','Nam',48,'0',51,'0'),(13054816,'9-TRIAL-Lê Văn  201','Thái','1997-04-01','Nam',48,'0',51,'0'),(13055104,'164-TRIAL-Nguyễn Thành  163','Đạt','1996-02-06','Nam',1,'0',50,'0'),(13055142,'265-TRIAL-Nguyễn Văn  140','Nhân','1996-06-02','Nữ',48,'0',51,'0'),(13055553,'266-TRIAL-Nguyễn Huy  37','Hưng','1996-06-16','Nữ',48,'0',51,'0'),(13056270,'241-TRIAL-Phan Võ Hoàng  114','Phương','1995-12-25','Nữ',79,'0',53,'0'),(13056343,'188-TRIAL-Nguyễn Trọng  266','Tiến','1996-06-06','Nam',31,'0',52,'0'),(13056892,'104-TRIAL-Nguyễn Thanh  1','Quan','1995-11-17','Nam',1,'0',50,'0'),(13056973,'272-TRIAL-Phan Trường  93','Phi','1996-10-15','Nữ',1,'0',50,'0'),(13057299,'201-TRIAL-Nguyễn Hồng  253','Sinh','1996-06-30','Nam',48,'0',51,'0'),(13057353,'57-TRIAL-Phan Hoàng Vy  65','Thảo','1995-10-08','Nữ',31,'0',52,'0'),(13057418,'179-TRIAL-Trương Văn  44','Trường','1995-10-11','Nam',1,'0',50,'0'),(13057517,'227-TRIAL-Trương Quốc  282','Chiến','1996-06-20','Nữ',79,'0',53,'0'),(13057727,'81-TRIAL-Nguyễn Trần Thiên  258','Qui','1996-04-06','Nam',79,'0',53,'0'),(13057884,'122-TRIAL-Phạm Ngọc  256','Hòa','1997-05-15','Nữ',48,'0',51,'0'),(13057889,'262-TRIAL-Nguyễn Trần Anh  11','Kiệt','1996-01-01','Nam',79,'0',53,'0'),(13058532,'242-TRIAL-Đoàn Anh  294','Quân','1997-11-08','Nam',79,'0',53,'0'),(13058881,'239-TRIAL-Nguyễn Minh  110','Trung','1995-01-01','Nữ',79,'0',53,'0'),(13059325,'271-TRIAL-Trần Ngọc  251','Tâm','1994-12-19','Nữ',1,'0',50,'0'),(13059349,'77-TRIAL-Thạch  112','Lên','1996-03-31','Nữ',79,'0',53,'0'),(13059418,'65-TRIAL-Nguyễn Minh  38','Thành','1996-01-27','Nữ',31,'0',52,'0'),(13059679,'149-TRIAL-Phạm Lý Minh  257','Vương','1995-07-15','Nữ',48,'0',51,'0'),(13059894,'67-TRIAL-Phạm Thanh  149','Hà','1996-03-30','Nữ',48,'0',51,'0'),(13062195,'165-TRIAL-Nguyễn Huỳnh Hoàng  249','Thông','1995-04-30','Nam',79,'0',53,'0'),(13062569,'56-TRIAL-Lê Trọng  81','Bốn','1995-01-03','Nữ',1,'0',50,'0'),(13062654,'158-TRIAL-Nguyễn Đình  138','Quyền','1995-11-01','Nam',1,'0',50,'0'),(13062690,'74-TRIAL-Nguyễn Thanh  19','Hiến','1996-05-22','Nam',79,'0',53,'0'),(13063225,'32-TRIAL-Trần Hưng  76','Truyền','1989-02-20','Nữ',31,'0',52,'0'),(13064276,'129-TRIAL-Đoàn Tấn  93','Tiến','1993-05-31','Nam',31,'0',52,'0'),(13065218,'89-TRIAL-Đỗ Danh  274','Sáng','1996-01-03','Nữ',31,'0',52,'0'),(13065978,'27-TRIAL-Hoàng Trung  161','Hiếu','1995-07-19','Nữ',1,'0',50,'0'),(13066254,'245-TRIAL-Lê Hồng  76','Quang','1995-12-07','Nữ',1,'0',50,'0'),(13067365,'282-TRIAL-Trần Đức  189','Tài','1996-05-21','Nữ',48,'0',51,'0'),(13071871,'132-TRIAL-Vũ Đức  145','Thinh','1994-05-26','Nữ',31,'0',52,'0'),(13072721,'250-TRIAL-Nguyễn Hữu Hoàng  228','Huân','1996-03-15','Nam',79,'0',53,'0'),(13076803,'37-TRIAL-Nguyễn Ngọc Mỹ  115','Linh','1995-07-08','Nam',31,'0',52,'0'),(13081445,'33-TRIAL-Phan Đình  121','Diệu','1996-01-13','Nam',31,'0',52,'0'),(13083041,'294-TRIAL-Trần Hoàng  71','Duy','1995-05-03','Nam',31,'0',52,'0'),(13083566,'219-TRIAL-Huỳnh Minh  235','Thức','1996-02-15','Nữ',31,'0',52,'0'),(13083847,'125-TRIAL-Lê Quang  146','Chính','1991-01-10','Nam',79,'0',53,'0'),(13086736,'106-TRIAL-Nguyễn Văn  80','Hoàng','1994-08-24','Nam',1,'0',50,'0'),(13087646,'222-TRIAL-Lê Minh  85','Thiên','1996-05-20','Nữ',1,'0',50,'0'),(13087828,'262-TRIAL-Lê Văn  37','Thắng','1995-10-31','Nam',48,'0',51,'0'),(13088015,'45-TRIAL-Lê Đức  184','Huyh','1995-07-17','Nữ',1,'0',50,'0'),(13088773,'193-TRIAL-Nguyễn Tuấn  185','Phúc','1996-02-06','Nam',48,'0',51,'0'),(13089626,'214-TRIAL-Cao Sĩ  102','Trường','1995-10-19','Nam',1,'0',50,'0'),(13090095,'253-TRIAL-Bùi Minh  205','Trí','1996-01-06','Nam',31,'0',52,'0'),(13091417,'194-TRIAL-Cao Phương  ','Tú','1995-07-14','Nữ',79,'0',53,'0'),(13091846,'137-TRIAL-Lê Xuân Tuấn  ','Anh','1995-12-04','Nam',79,'0',53,'0'),(13092127,'-Nguyễn Hồng  ','Phúc','1995-04-26','Nam',31,'0',52,'0'),(13093756,'-Lê Tấn  ','Lộc','1994-11-01','Nam',31,'0',52,'0'),(13094919,'Phạm Trung  ','Hiếu','1996-03-30','Nữ',31,'0',52,'0'),(13095443,'Nguyễn Trung  ','Bô','1996-06-30','Nam',1,'0',50,'0'),(13095702,'Hoàng Minh  ','Châu','1995-10-13','Nữ',1,'0',50,'0'),(13096096,'Lương Văn ','Nam','1996-02-04','Nữ',79,'0',53,'0'),(13099070,'Phạm Ngọc ','Quốc','1994-12-26','Nữ',1,'0',50,'0'),(13100345,'Phạm Tiến  ','Dũng','1995-03-26','Nữ',1,'0',50,'0'),(13102733,'Tô Xuân ','Phúc','1996-09-27','Nam',79,'0',53,'0'),(13102923,'Trần Đình ','Chương','1995-04-24','Nữ',79,'0',53,'0'),(13104749,'Trần Trung ','Hiếu','1996-01-01','Nam',31,'0',52,'0'),(13105301,'Đinh Tuấn ','Sang','1995-08-11','Nam',48,'0',51,'0'),(15063451,'Nguyễn','An','1995-08-11','Nam',1,'0',51,'0'),(15063452,'Nguyễn','Bình','1995-08-11','Nam',1,'0',51,'0'),(15063453,'Nguyễn','Cao','1995-08-11','Nam',1,'0',51,'0'),(15063454,'Nguyễn','Dũng','1995-08-11','Nam',1,'0',51,'0'),(15063455,'bình','Em','1995-08-11','Nam',1,'0',51,'0');
/*!40000 ALTER TABLE `sinhvien` ENABLE KEYS */;
UNLOCK TABLES;

--
-- Table structure for table `tinhthanh`
--

DROP TABLE IF EXISTS `tinhthanh`;
/*!40101 SET @saved_cs_client     = @@character_set_client */;
/*!40101 SET character_set_client = utf8 */;
CREATE TABLE `tinhthanh` (
  `MaTinh` int(11) NOT NULL,
  `TenTinh` varchar(50) COLLATE utf8_bin DEFAULT NULL,
  PRIMARY KEY (`MaTinh`),
  UNIQUE KEY `TinhThanh_UQ__TinhThan__9A339289110A1614` (`TenTinh`)
) ENGINE=InnoDB DEFAULT CHARSET=utf8 COLLATE=utf8_bin;
/*!40101 SET character_set_client = @saved_cs_client */;

--
-- Dumping data for table `tinhthanh`
--

LOCK TABLES `tinhthanh` WRITE;
/*!40000 ALTER TABLE `tinhthanh` DISABLE KEYS */;
INSERT INTO `tinhthanh` VALUES (92,'Thành phố Cần Thơ'),(1,'Thành phố Hà Nội'),(31,'Thành phố Hải Phòng'),(79,'Thành phố Hồ Chí Minh'),(48,'Thành phố Đà Nẵng'),(89,'Tỉnh An Giang'),(77,'Tỉnh Bà Rịa - Vũng Tàu'),(74,'Tỉnh Bình Dương'),(70,'Tỉnh Bình Phước'),(60,'Tỉnh Bình Thuận'),(52,'Tỉnh Bình Định'),(95,'Tỉnh Bạc Liêu'),(24,'Tỉnh Bắc Giang'),(6,'Tỉnh Bắc Kạn'),(27,'Tỉnh Bắc Ninh'),(83,'Tỉnh Bến Tre'),(4,'Tỉnh Cao Bằng'),(96,'Tỉnh Cà Mau'),(64,'Tỉnh Gia Lai'),(17,'Tỉnh Hoà Bình'),(2,'Tỉnh Hà Giang'),(35,'Tỉnh Hà Nam'),(42,'Tỉnh Hà Tĩnh'),(33,'Tỉnh Hưng Yên'),(30,'Tỉnh Hải Dương'),(93,'Tỉnh Hậu Giang'),(56,'Tỉnh Khánh Hòa'),(91,'Tỉnh Kiên Giang'),(62,'Tỉnh Kon Tum'),(12,'Tỉnh Lai Châu'),(80,'Tỉnh Long An'),(10,'Tỉnh Lào Cai'),(68,'Tỉnh Lâm Đồng'),(20,'Tỉnh Lạng Sơn'),(36,'Tỉnh Nam Định'),(40,'Tỉnh Nghệ An'),(37,'Tỉnh Ninh Bình'),(58,'Tỉnh Ninh Thuận'),(25,'Tỉnh Phú Thọ'),(54,'Tỉnh Phú Yên'),(44,'Tỉnh Quảng Bình'),(49,'Tỉnh Quảng Nam'),(51,'Tỉnh Quảng Ngãi'),(22,'Tỉnh Quảng Ninh'),(45,'Tỉnh Quảng Trị'),(94,'Tỉnh Sóc Trăng'),(14,'Tỉnh Sơn La'),(38,'Tỉnh Thanh Hóa'),(34,'Tỉnh Thái Bình'),(19,'Tỉnh Thái Nguyên'),(46,'Tỉnh Thừa Thiên Huế'),(82,'Tỉnh Tiền Giang'),(84,'Tỉnh Trà Vinh'),(8,'Tỉnh Tuyên Quang'),(72,'Tỉnh Tây Ninh'),(86,'Tỉnh Vĩnh Long'),(26,'Tỉnh Vĩnh Phúc'),(15,'Tỉnh Yên Bái'),(11,'Tỉnh Điện Biên'),(66,'Tỉnh Đắk Lắk'),(67,'Tỉnh Đắk Nông'),(75,'Tỉnh Đồng Nai'),(87,'Tỉnh Đồng Tháp');
/*!40000 ALTER TABLE `tinhthanh` ENABLE KEYS */;
UNLOCK TABLES;
/*!40103 SET TIME_ZONE=@OLD_TIME_ZONE */;

/*!40101 SET SQL_MODE=@OLD_SQL_MODE */;
/*!40014 SET FOREIGN_KEY_CHECKS=@OLD_FOREIGN_KEY_CHECKS */;
/*!40014 SET UNIQUE_CHECKS=@OLD_UNIQUE_CHECKS */;
/*!40101 SET CHARACTER_SET_CLIENT=@OLD_CHARACTER_SET_CLIENT */;
/*!40101 SET CHARACTER_SET_RESULTS=@OLD_CHARACTER_SET_RESULTS */;
/*!40101 SET COLLATION_CONNECTION=@OLD_COLLATION_CONNECTION */;
/*!40111 SET SQL_NOTES=@OLD_SQL_NOTES */;

-- Dump completed on 2018-04-27 18:59:19
